ID;DATAFLOW;COUNTRY;TIME_PERIOD;GBIRTHRT_THSP
AD_2012;ESTAT:TPS00204(1.0);AD;2012;9.5
AD_2016;ESTAT:TPS00204(1.0);AD;2016;8.8
AD_2018;ESTAT:TPS00204(1.0);AD;2018;7.2
AD_2019;ESTAT:TPS00204(1.0);AD;2019;7.0
AD_2022;ESTAT:TPS00204(1.0);AD;2022;6.2
AL_2011;ESTAT:TPS00204(1.0);AL;2011;11.8
AL_2012;ESTAT:TPS00204(1.0);AL;2012;12.2
AL_2013;ESTAT:TPS00204(1.0);AL;2013;12.3
AL_2014;ESTAT:TPS00204(1.0);AL;2014;12.4
AL_2015;ESTAT:TPS00204(1.0);AL;2015;11.4
AL_2016;ESTAT:TPS00204(1.0);AL;2016;11.0
AL_2017;ESTAT:TPS00204(1.0);AL;2017;10.7
AL_2018;ESTAT:TPS00204(1.0);AL;2018;10.1
AL_2019;ESTAT:TPS00204(1.0);AL;2019;10.0
AL_2020;ESTAT:TPS00204(1.0);AL;2020;9.9
AL_2021;ESTAT:TPS00204(1.0);AL;2021;9.7
AL_2022;ESTAT:TPS00204(1.0);AL;2022;8.9
AM_2011;ESTAT:TPS00204(1.0);AM;2011;13.3
AM_2015;ESTAT:TPS00204(1.0);AM;2015;13.9
AM_2016;ESTAT:TPS00204(1.0);AM;2016;13.6
AM_2017;ESTAT:TPS00204(1.0);AM;2017;12.7
AM_2018;ESTAT:TPS00204(1.0);AM;2018;12.3
AM_2019;ESTAT:TPS00204(1.0);AM;2019;12.2
AM_2020;ESTAT:TPS00204(1.0);AM;2020;12.3
AT_2011;ESTAT:TPS00204(1.0);AT;2011;9.3
AT_2012;ESTAT:TPS00204(1.0);AT;2012;9.4
AT_2013;ESTAT:TPS00204(1.0);AT;2013;9.4
AT_2014;ESTAT:TPS00204(1.0);AT;2014;9.6
AT_2015;ESTAT:TPS00204(1.0);AT;2015;9.8
AT_2016;ESTAT:TPS00204(1.0);AT;2016;10.0
AT_2017;ESTAT:TPS00204(1.0);AT;2017;10.0
AT_2018;ESTAT:TPS00204(1.0);AT;2018;9.7
AT_2019;ESTAT:TPS00204(1.0);AT;2019;9.6
AT_2020;ESTAT:TPS00204(1.0);AT;2020;9.4
AT_2021;ESTAT:TPS00204(1.0);AT;2021;9.6
AT_2022;ESTAT:TPS00204(1.0);AT;2022;9.1
AZ_2011;ESTAT:TPS00204(1.0);AZ;2011;19.2
AZ_2012;ESTAT:TPS00204(1.0);AZ;2012;18.8
AZ_2013;ESTAT:TPS00204(1.0);AZ;2013;18.3
AZ_2014;ESTAT:TPS00204(1.0);AZ;2014;17.9
AZ_2015;ESTAT:TPS00204(1.0);AZ;2015;17.2
AZ_2016;ESTAT:TPS00204(1.0);AZ;2016;16.3
AZ_2017;ESTAT:TPS00204(1.0);AZ;2017;14.6
AZ_2018;ESTAT:TPS00204(1.0);AZ;2018;14.0
AZ_2019;ESTAT:TPS00204(1.0);AZ;2019;14.1
AZ_2020;ESTAT:TPS00204(1.0);AZ;2020;12.5
AZ_2021;ESTAT:TPS00204(1.0);AZ;2021;11.1
AZ_2022;ESTAT:TPS00204(1.0);AZ;2022;12.1
BA_2011;ESTAT:TPS00204(1.0);BA;2011;8.3
BA_2012;ESTAT:TPS00204(1.0);BA;2012;8.4
BA_2013;ESTAT:TPS00204(1.0);BA;2013;8.0
BA_2014;ESTAT:TPS00204(1.0);BA;2014;7.6
BA_2016;ESTAT:TPS00204(1.0);BA;2016;8.3
BA_2017;ESTAT:TPS00204(1.0);BA;2017;8.3
BA_2018;ESTAT:TPS00204(1.0);BA;2018;8.4
BE_2011;ESTAT:TPS00204(1.0);BE;2011;11.7
BE_2012;ESTAT:TPS00204(1.0);BE;2012;11.5
BE_2013;ESTAT:TPS00204(1.0);BE;2013;11.3
BE_2014;ESTAT:TPS00204(1.0);BE;2014;11.2
BE_2015;ESTAT:TPS00204(1.0);BE;2015;10.8
BE_2016;ESTAT:TPS00204(1.0);BE;2016;10.8
BE_2017;ESTAT:TPS00204(1.0);BE;2017;10.5
BE_2018;ESTAT:TPS00204(1.0);BE;2018;10.4
BE_2019;ESTAT:TPS00204(1.0);BE;2019;10.2
BE_2020;ESTAT:TPS00204(1.0);BE;2020;9.9
BE_2021;ESTAT:TPS00204(1.0);BE;2021;10.2
BE_2022;ESTAT:TPS00204(1.0);BE;2022;9.8
BG_2011;ESTAT:TPS00204(1.0);BG;2011;9.6
BG_2012;ESTAT:TPS00204(1.0);BG;2012;9.5
BG_2013;ESTAT:TPS00204(1.0);BG;2013;9.2
BG_2014;ESTAT:TPS00204(1.0);BG;2014;9.4
BG_2015;ESTAT:TPS00204(1.0);BG;2015;9.2
BG_2016;ESTAT:TPS00204(1.0);BG;2016;9.1
BG_2017;ESTAT:TPS00204(1.0);BG;2017;9.0
BG_2018;ESTAT:TPS00204(1.0);BG;2018;8.9
BG_2019;ESTAT:TPS00204(1.0);BG;2019;8.8
BG_2020;ESTAT:TPS00204(1.0);BG;2020;8.5
BG_2021;ESTAT:TPS00204(1.0);BG;2021;8.5
BG_2022;ESTAT:TPS00204(1.0);BG;2022;8.8
BY_2011;ESTAT:TPS00204(1.0);BY;2011;11.5
BY_2012;ESTAT:TPS00204(1.0);BY;2012;12.2
BY_2014;ESTAT:TPS00204(1.0);BY;2014;12.5
BY_2015;ESTAT:TPS00204(1.0);BY;2015;12.5
BY_2016;ESTAT:TPS00204(1.0);BY;2016;12.4
BY_2017;ESTAT:TPS00204(1.0);BY;2017;10.8
BY_2018;ESTAT:TPS00204(1.0);BY;2018;9.9
BY_2019;ESTAT:TPS00204(1.0);BY;2019;9.3
CH_2011;ESTAT:TPS00204(1.0);CH;2011;10.2
CH_2012;ESTAT:TPS00204(1.0);CH;2012;10.3
CH_2013;ESTAT:TPS00204(1.0);CH;2013;10.2
CH_2014;ESTAT:TPS00204(1.0);CH;2014;10.4
CH_2015;ESTAT:TPS00204(1.0);CH;2015;10.5
CH_2016;ESTAT:TPS00204(1.0);CH;2016;10.5
CH_2017;ESTAT:TPS00204(1.0);CH;2017;10.3
CH_2018;ESTAT:TPS00204(1.0);CH;2018;10.3
CH_2019;ESTAT:TPS00204(1.0);CH;2019;10.0
CH_2020;ESTAT:TPS00204(1.0);CH;2020;9.9
CH_2021;ESTAT:TPS00204(1.0);CH;2021;10.3
CH_2022;ESTAT:TPS00204(1.0);CH;2022;9.4
CY_2011;ESTAT:TPS00204(1.0);CY;2011;11.3
CY_2012;ESTAT:TPS00204(1.0);CY;2012;11.8
CY_2013;ESTAT:TPS00204(1.0);CY;2013;10.8
CY_2014;ESTAT:TPS00204(1.0);CY;2014;10.9
CY_2015;ESTAT:TPS00204(1.0);CY;2015;10.8
CY_2016;ESTAT:TPS00204(1.0);CY;2016;11.1
CY_2017;ESTAT:TPS00204(1.0);CY;2017;10.7
CY_2018;ESTAT:TPS00204(1.0);CY;2018;10.7
CY_2019;ESTAT:TPS00204(1.0);CY;2019;10.8
CY_2020;ESTAT:TPS00204(1.0);CY;2020;11.1
CY_2021;ESTAT:TPS00204(1.0);CY;2021;11.4
CY_2022;ESTAT:TPS00204(1.0);CY;2022;11.1
CZ_2011;ESTAT:TPS00204(1.0);CZ;2011;10.4
CZ_2012;ESTAT:TPS00204(1.0);CZ;2012;10.3
CZ_2013;ESTAT:TPS00204(1.0);CZ;2013;10.2
CZ_2014;ESTAT:TPS00204(1.0);CZ;2014;10.4
CZ_2015;ESTAT:TPS00204(1.0);CZ;2015;10.5
CZ_2016;ESTAT:TPS00204(1.0);CZ;2016;10.7
CZ_2017;ESTAT:TPS00204(1.0);CZ;2017;10.8
CZ_2018;ESTAT:TPS00204(1.0);CZ;2018;10.7
CZ_2019;ESTAT:TPS00204(1.0);CZ;2019;10.5
CZ_2020;ESTAT:TPS00204(1.0);CZ;2020;10.3
CZ_2021;ESTAT:TPS00204(1.0);CZ;2021;10.6
CZ_2022;ESTAT:TPS00204(1.0);CZ;2022;9.5
DE_2011;ESTAT:TPS00204(1.0);DE;2011;8.3
DE_2012;ESTAT:TPS00204(1.0);DE;2012;8.4
DE_2013;ESTAT:TPS00204(1.0);DE;2013;8.5
DE_2014;ESTAT:TPS00204(1.0);DE;2014;8.8
DE_2015;ESTAT:TPS00204(1.0);DE;2015;9.0
DE_2016;ESTAT:TPS00204(1.0);DE;2016;9.6
DE_2017;ESTAT:TPS00204(1.0);DE;2017;9.5
DE_2018;ESTAT:TPS00204(1.0);DE;2018;9.5
DE_2019;ESTAT:TPS00204(1.0);DE;2019;9.4
DE_2020;ESTAT:TPS00204(1.0);DE;2020;9.3
DE_2021;ESTAT:TPS00204(1.0);DE;2021;9.6
DE_2022;ESTAT:TPS00204(1.0);DE;2022;8.8
DK_2011;ESTAT:TPS00204(1.0);DK;2011;10.6
DK_2012;ESTAT:TPS00204(1.0);DK;2012;10.4
DK_2013;ESTAT:TPS00204(1.0);DK;2013;10.0
DK_2014;ESTAT:TPS00204(1.0);DK;2014;10.1
DK_2015;ESTAT:TPS00204(1.0);DK;2015;10.2
DK_2016;ESTAT:TPS00204(1.0);DK;2016;10.8
DK_2017;ESTAT:TPS00204(1.0);DK;2017;10.6
DK_2018;ESTAT:TPS00204(1.0);DK;2018;10.6
DK_2019;ESTAT:TPS00204(1.0);DK;2019;10.5
DK_2020;ESTAT:TPS00204(1.0);DK;2020;10.4
DK_2021;ESTAT:TPS00204(1.0);DK;2021;10.8
DK_2022;ESTAT:TPS00204(1.0);DK;2022;9.9
EE_2011;ESTAT:TPS00204(1.0);EE;2011;11.1
EE_2012;ESTAT:TPS00204(1.0);EE;2012;10.6
EE_2013;ESTAT:TPS00204(1.0);EE;2013;10.3
EE_2014;ESTAT:TPS00204(1.0);EE;2014;10.3
EE_2015;ESTAT:TPS00204(1.0);EE;2015;10.6
EE_2016;ESTAT:TPS00204(1.0);EE;2016;10.7
EE_2017;ESTAT:TPS00204(1.0);EE;2017;10.5
EE_2018;ESTAT:TPS00204(1.0);EE;2018;10.9
EE_2019;ESTAT:TPS00204(1.0);EE;2019;10.6
EE_2020;ESTAT:TPS00204(1.0);EE;2020;9.9
EE_2021;ESTAT:TPS00204(1.0);EE;2021;10.0
EE_2022;ESTAT:TPS00204(1.0);EE;2022;8.6
EL_2011;ESTAT:TPS00204(1.0);EL;2011;9.6
EL_2012;ESTAT:TPS00204(1.0);EL;2012;9.1
EL_2013;ESTAT:TPS00204(1.0);EL;2013;8.6
EL_2014;ESTAT:TPS00204(1.0);EL;2014;8.5
EL_2015;ESTAT:TPS00204(1.0);EL;2015;8.5
EL_2016;ESTAT:TPS00204(1.0);EL;2016;8.6
EL_2017;ESTAT:TPS00204(1.0);EL;2017;8.2
EL_2018;ESTAT:TPS00204(1.0);EL;2018;8.1
EL_2019;ESTAT:TPS00204(1.0);EL;2019;7.8
EL_2020;ESTAT:TPS00204(1.0);EL;2020;7.9
EL_2021;ESTAT:TPS00204(1.0);EL;2021;8.1
EL_2022;ESTAT:TPS00204(1.0);EL;2022;7.3
ES_2011;ESTAT:TPS00204(1.0);ES;2011;10.1
ES_2012;ESTAT:TPS00204(1.0);ES;2012;9.7
ES_2013;ESTAT:TPS00204(1.0);ES;2013;9.1
ES_2014;ESTAT:TPS00204(1.0);ES;2014;9.2
ES_2015;ESTAT:TPS00204(1.0);ES;2015;9.0
ES_2016;ESTAT:TPS00204(1.0);ES;2016;8.8
ES_2017;ESTAT:TPS00204(1.0);ES;2017;8.4
ES_2018;ESTAT:TPS00204(1.0);ES;2018;7.9
ES_2019;ESTAT:TPS00204(1.0);ES;2019;7.6
ES_2020;ESTAT:TPS00204(1.0);ES;2020;7.2
ES_2021;ESTAT:TPS00204(1.0);ES;2021;7.1
ES_2022;ESTAT:TPS00204(1.0);ES;2022;6.9
FI_2011;ESTAT:TPS00204(1.0);FI;2011;11.1
FI_2012;ESTAT:TPS00204(1.0);FI;2012;11.0
FI_2013;ESTAT:TPS00204(1.0);FI;2013;10.7
FI_2014;ESTAT:TPS00204(1.0);FI;2014;10.5
FI_2015;ESTAT:TPS00204(1.0);FI;2015;10.1
FI_2016;ESTAT:TPS00204(1.0);FI;2016;9.6
FI_2017;ESTAT:TPS00204(1.0);FI;2017;9.1
FI_2018;ESTAT:TPS00204(1.0);FI;2018;8.6
FI_2019;ESTAT:TPS00204(1.0);FI;2019;8.3
FI_2020;ESTAT:TPS00204(1.0);FI;2020;8.4
FI_2021;ESTAT:TPS00204(1.0);FI;2021;9.0
FI_2022;ESTAT:TPS00204(1.0);FI;2022;8.1
FR_2011;ESTAT:TPS00204(1.0);FR;2011;12.7
FR_2012;ESTAT:TPS00204(1.0);FR;2012;12.6
FR_2013;ESTAT:TPS00204(1.0);FR;2013;12.4
FR_2014;ESTAT:TPS00204(1.0);FR;2014;12.4
FR_2015;ESTAT:TPS00204(1.0);FR;2015;12.0
FR_2016;ESTAT:TPS00204(1.0);FR;2016;11.8
FR_2017;ESTAT:TPS00204(1.0);FR;2017;11.5
FR_2018;ESTAT:TPS00204(1.0);FR;2018;11.3
FR_2019;ESTAT:TPS00204(1.0);FR;2019;11.2
FR_2020;ESTAT:TPS00204(1.0);FR;2020;10.9
FR_2021;ESTAT:TPS00204(1.0);FR;2021;11.0
FR_2022;ESTAT:TPS00204(1.0);FR;2022;10.6
GE_2011;ESTAT:TPS00204(1.0);GE;2011;12.9
GE_2014;ESTAT:TPS00204(1.0);GE;2014;14.8
GE_2015;ESTAT:TPS00204(1.0);GE;2015;15.9
GE_2016;ESTAT:TPS00204(1.0);GE;2016;15.2
GE_2017;ESTAT:TPS00204(1.0);GE;2017;14.3
GE_2018;ESTAT:TPS00204(1.0);GE;2018;13.7
GE_2019;ESTAT:TPS00204(1.0);GE;2019;13.0
GE_2020;ESTAT:TPS00204(1.0);GE;2020;12.5
GE_2021;ESTAT:TPS00204(1.0);GE;2021;12.4
HR_2011;ESTAT:TPS00204(1.0);HR;2011;9.6
HR_2012;ESTAT:TPS00204(1.0);HR;2012;9.8
HR_2013;ESTAT:TPS00204(1.0);HR;2013;9.4
HR_2014;ESTAT:TPS00204(1.0);HR;2014;9.3
HR_2015;ESTAT:TPS00204(1.0);HR;2015;8.9
HR_2016;ESTAT:TPS00204(1.0);HR;2016;9.0
HR_2017;ESTAT:TPS00204(1.0);HR;2017;8.9
HR_2018;ESTAT:TPS00204(1.0);HR;2018;9.0
HR_2019;ESTAT:TPS00204(1.0);HR;2019;8.9
HR_2020;ESTAT:TPS00204(1.0);HR;2020;8.9
HR_2021;ESTAT:TPS00204(1.0);HR;2021;9.2
HR_2022;ESTAT:TPS00204(1.0);HR;2022;8.8
HU_2011;ESTAT:TPS00204(1.0);HU;2011;8.8
HU_2012;ESTAT:TPS00204(1.0);HU;2012;9.1
HU_2013;ESTAT:TPS00204(1.0);HU;2013;9.0
HU_2014;ESTAT:TPS00204(1.0);HU;2014;9.5
HU_2015;ESTAT:TPS00204(1.0);HU;2015;9.4
HU_2016;ESTAT:TPS00204(1.0);HU;2016;9.7
HU_2017;ESTAT:TPS00204(1.0);HU;2017;9.7
HU_2018;ESTAT:TPS00204(1.0);HU;2018;9.6
HU_2019;ESTAT:TPS00204(1.0);HU;2019;9.5
HU_2020;ESTAT:TPS00204(1.0);HU;2020;9.6
HU_2021;ESTAT:TPS00204(1.0);HU;2021;9.7
HU_2022;ESTAT:TPS00204(1.0);HU;2022;9.3
IE_2011;ESTAT:TPS00204(1.0);IE;2011;16.2
IE_2012;ESTAT:TPS00204(1.0);IE;2012;15.6
IE_2013;ESTAT:TPS00204(1.0);IE;2013;14.9
IE_2014;ESTAT:TPS00204(1.0);IE;2014;14.4
IE_2015;ESTAT:TPS00204(1.0);IE;2015;13.9
IE_2016;ESTAT:TPS00204(1.0);IE;2016;13.4
IE_2017;ESTAT:TPS00204(1.0);IE;2017;12.9
IE_2018;ESTAT:TPS00204(1.0);IE;2018;12.5
IE_2019;ESTAT:TPS00204(1.0);IE;2019;12.0
IE_2020;ESTAT:TPS00204(1.0);IE;2020;11.2
IE_2021;ESTAT:TPS00204(1.0);IE;2021;12.0
IE_2022;ESTAT:TPS00204(1.0);IE;2022;11.2
IS_2011;ESTAT:TPS00204(1.0);IS;2011;14.1
IS_2012;ESTAT:TPS00204(1.0);IS;2012;14.1
IS_2013;ESTAT:TPS00204(1.0);IS;2013;13.4
IS_2014;ESTAT:TPS00204(1.0);IS;2014;13.4
IS_2015;ESTAT:TPS00204(1.0);IS;2015;12.5
IS_2016;ESTAT:TPS00204(1.0);IS;2016;12.0
IS_2017;ESTAT:TPS00204(1.0);IS;2017;11.9
IS_2018;ESTAT:TPS00204(1.0);IS;2018;12.0
IS_2019;ESTAT:TPS00204(1.0);IS;2019;12.3
IS_2020;ESTAT:TPS00204(1.0);IS;2020;12.3
IS_2021;ESTAT:TPS00204(1.0);IS;2021;13.1
IS_2022;ESTAT:TPS00204(1.0);IS;2022;11.5
IT_2011;ESTAT:TPS00204(1.0);IT;2011;9.2
IT_2012;ESTAT:TPS00204(1.0);IT;2012;9.0
IT_2013;ESTAT:TPS00204(1.0);IT;2013;8.5
IT_2014;ESTAT:TPS00204(1.0);IT;2014;8.3
IT_2015;ESTAT:TPS00204(1.0);IT;2015;8.0
IT_2016;ESTAT:TPS00204(1.0);IT;2016;7.8
IT_2017;ESTAT:TPS00204(1.0);IT;2017;7.6
IT_2018;ESTAT:TPS00204(1.0);IT;2018;7.3
IT_2019;ESTAT:TPS00204(1.0);IT;2019;7.0
IT_2020;ESTAT:TPS00204(1.0);IT;2020;6.8
IT_2021;ESTAT:TPS00204(1.0);IT;2021;6.8
IT_2022;ESTAT:TPS00204(1.0);IT;2022;6.7
LI_2011;ESTAT:TPS00204(1.0);LI;2011;10.9
LI_2012;ESTAT:TPS00204(1.0);LI;2012;9.7
LI_2013;ESTAT:TPS00204(1.0);LI;2013;9.2
LI_2014;ESTAT:TPS00204(1.0);LI;2014;10.0
LI_2015;ESTAT:TPS00204(1.0);LI;2015;8.7
LI_2016;ESTAT:TPS00204(1.0);LI;2016;10.0
LI_2017;ESTAT:TPS00204(1.0);LI;2017;8.9
LI_2018;ESTAT:TPS00204(1.0);LI;2018;9.9
LI_2019;ESTAT:TPS00204(1.0);LI;2019;9.2
LI_2020;ESTAT:TPS00204(1.0);LI;2020;9.1
LI_2021;ESTAT:TPS00204(1.0);LI;2021;9.6
LI_2022;ESTAT:TPS00204(1.0);LI;2022;9.2
LT_2011;ESTAT:TPS00204(1.0);LT;2011;10.0
LT_2012;ESTAT:TPS00204(1.0);LT;2012;10.2
LT_2013;ESTAT:TPS00204(1.0);LT;2013;10.1
LT_2014;ESTAT:TPS00204(1.0);LT;2014;10.4
LT_2015;ESTAT:TPS00204(1.0);LT;2015;10.8
LT_2016;ESTAT:TPS00204(1.0);LT;2016;10.7
LT_2017;ESTAT:TPS00204(1.0);LT;2017;10.1
LT_2018;ESTAT:TPS00204(1.0);LT;2018;10.0
LT_2019;ESTAT:TPS00204(1.0);LT;2019;9.8
LT_2020;ESTAT:TPS00204(1.0);LT;2020;9.0
LT_2021;ESTAT:TPS00204(1.0);LT;2021;8.3
LT_2022;ESTAT:TPS00204(1.0);LT;2022;7.8
LU_2011;ESTAT:TPS00204(1.0);LU;2011;10.9
LU_2012;ESTAT:TPS00204(1.0);LU;2012;11.3
LU_2013;ESTAT:TPS00204(1.0);LU;2013;11.3
LU_2014;ESTAT:TPS00204(1.0);LU;2014;10.9
LU_2015;ESTAT:TPS00204(1.0);LU;2015;10.7
LU_2016;ESTAT:TPS00204(1.0);LU;2016;10.4
LU_2017;ESTAT:TPS00204(1.0);LU;2017;10.4
LU_2018;ESTAT:TPS00204(1.0);LU;2018;10.3
LU_2019;ESTAT:TPS00204(1.0);LU;2019;10.0
LU_2020;ESTAT:TPS00204(1.0);LU;2020;10.2
LU_2021;ESTAT:TPS00204(1.0);LU;2021;10.5
LU_2022;ESTAT:TPS00204(1.0);LU;2022;9.9
LV_2011;ESTAT:TPS00204(1.0);LV;2011;9.1
LV_2012;ESTAT:TPS00204(1.0);LV;2012;9.8
LV_2013;ESTAT:TPS00204(1.0);LV;2013;10.2
LV_2014;ESTAT:TPS00204(1.0);LV;2014;10.9
LV_2015;ESTAT:TPS00204(1.0);LV;2015;11.1
LV_2016;ESTAT:TPS00204(1.0);LV;2016;11.2
LV_2017;ESTAT:TPS00204(1.0);LV;2017;10.7
LV_2018;ESTAT:TPS00204(1.0);LV;2018;10.0
LV_2019;ESTAT:TPS00204(1.0);LV;2019;9.8
LV_2020;ESTAT:TPS00204(1.0);LV;2020;9.2
LV_2021;ESTAT:TPS00204(1.0);LV;2021;9.2
LV_2022;ESTAT:TPS00204(1.0);LV;2022;8.5
MC_2015;ESTAT:TPS00204(1.0);MC;2015;8.1
MC_2016;ESTAT:TPS00204(1.0);MC;2016;7.8
MC_2018;ESTAT:TPS00204(1.0);MC;2018;5.9
MD_2011;ESTAT:TPS00204(1.0);MD;2011;11.0
MD_2012;ESTAT:TPS00204(1.0);MD;2012;11.1
MD_2013;ESTAT:TPS00204(1.0);MD;2013;10.6
MD_2014;ESTAT:TPS00204(1.0);MD;2014;14.3
MD_2015;ESTAT:TPS00204(1.0);MD;2015;14.4
MD_2016;ESTAT:TPS00204(1.0);MD;2016;14.3
MD_2017;ESTAT:TPS00204(1.0);MD;2017;13.3
MD_2018;ESTAT:TPS00204(1.0);MD;2018;12.8
MD_2019;ESTAT:TPS00204(1.0);MD;2019;12.0
MD_2020;ESTAT:TPS00204(1.0);MD;2020;11.7
MD_2022;ESTAT:TPS00204(1.0);MD;2022;10.5
ME_2011;ESTAT:TPS00204(1.0);ME;2011;11.6
ME_2012;ESTAT:TPS00204(1.0);ME;2012;12.0
ME_2013;ESTAT:TPS00204(1.0);ME;2013;12.0
ME_2014;ESTAT:TPS00204(1.0);ME;2014;12.1
ME_2015;ESTAT:TPS00204(1.0);ME;2015;11.9
ME_2016;ESTAT:TPS00204(1.0);ME;2016;12.2
ME_2017;ESTAT:TPS00204(1.0);ME;2017;11.9
ME_2018;ESTAT:TPS00204(1.0);ME;2018;11.7
ME_2019;ESTAT:TPS00204(1.0);ME;2019;11.6
ME_2020;ESTAT:TPS00204(1.0);ME;2020;11.4
ME_2021;ESTAT:TPS00204(1.0);ME;2021;11.4
ME_2022;ESTAT:TPS00204(1.0);ME;2022;11.4
MK_2011;ESTAT:TPS00204(1.0);MK;2011;11.1
MK_2012;ESTAT:TPS00204(1.0);MK;2012;11.4
MK_2013;ESTAT:TPS00204(1.0);MK;2013;11.2
MK_2014;ESTAT:TPS00204(1.0);MK;2014;11.4
MK_2015;ESTAT:TPS00204(1.0);MK;2015;11.1
MK_2016;ESTAT:TPS00204(1.0);MK;2016;11.1
MK_2017;ESTAT:TPS00204(1.0);MK;2017;10.5
MK_2018;ESTAT:TPS00204(1.0);MK;2018;10.3
MK_2019;ESTAT:TPS00204(1.0);MK;2019;9.6
MK_2020;ESTAT:TPS00204(1.0);MK;2020;9.2
MK_2021;ESTAT:TPS00204(1.0);MK;2021;9.5
MK_2022;ESTAT:TPS00204(1.0);MK;2022;9.9
MT_2011;ESTAT:TPS00204(1.0);MT;2011;10.0
MT_2012;ESTAT:TPS00204(1.0);MT;2012;9.8
MT_2013;ESTAT:TPS00204(1.0);MT;2013;9.5
MT_2014;ESTAT:TPS00204(1.0);MT;2014;9.6
MT_2015;ESTAT:TPS00204(1.0);MT;2015;9.7
MT_2016;ESTAT:TPS00204(1.0);MT;2016;9.8
MT_2017;ESTAT:TPS00204(1.0);MT;2017;9.2
MT_2018;ESTAT:TPS00204(1.0);MT;2018;9.2
MT_2019;ESTAT:TPS00204(1.0);MT;2019;8.6
MT_2020;ESTAT:TPS00204(1.0);MT;2020;8.6
MT_2021;ESTAT:TPS00204(1.0);MT;2021;8.5
MT_2022;ESTAT:TPS00204(1.0);MT;2022;8.1
NL_2011;ESTAT:TPS00204(1.0);NL;2011;10.8
NL_2012;ESTAT:TPS00204(1.0);NL;2012;10.5
NL_2013;ESTAT:TPS00204(1.0);NL;2013;10.2
NL_2014;ESTAT:TPS00204(1.0);NL;2014;10.4
NL_2015;ESTAT:TPS00204(1.0);NL;2015;10.1
NL_2016;ESTAT:TPS00204(1.0);NL;2016;10.1
NL_2017;ESTAT:TPS00204(1.0);NL;2017;9.9
NL_2018;ESTAT:TPS00204(1.0);NL;2018;9.8
NL_2019;ESTAT:TPS00204(1.0);NL;2019;9.8
NL_2020;ESTAT:TPS00204(1.0);NL;2020;9.7
NL_2021;ESTAT:TPS00204(1.0);NL;2021;10.2
NL_2022;ESTAT:TPS00204(1.0);NL;2022;9.5
NO_2011;ESTAT:TPS00204(1.0);NO;2011;12.2
NO_2012;ESTAT:TPS00204(1.0);NO;2012;12.0
NO_2013;ESTAT:TPS00204(1.0);NO;2013;11.6
NO_2014;ESTAT:TPS00204(1.0);NO;2014;11.5
NO_2015;ESTAT:TPS00204(1.0);NO;2015;11.3
NO_2016;ESTAT:TPS00204(1.0);NO;2016;11.3
NO_2017;ESTAT:TPS00204(1.0);NO;2017;10.7
NO_2018;ESTAT:TPS00204(1.0);NO;2018;10.4
NO_2019;ESTAT:TPS00204(1.0);NO;2019;10.2
NO_2020;ESTAT:TPS00204(1.0);NO;2020;9.8
NO_2021;ESTAT:TPS00204(1.0);NO;2021;10.4
NO_2022;ESTAT:TPS00204(1.0);NO;2022;9.4
PL_2011;ESTAT:TPS00204(1.0);PL;2011;10.2
PL_2012;ESTAT:TPS00204(1.0);PL;2012;10.1
PL_2013;ESTAT:TPS00204(1.0);PL;2013;9.7
PL_2014;ESTAT:TPS00204(1.0);PL;2014;9.9
PL_2015;ESTAT:TPS00204(1.0);PL;2015;9.7
PL_2016;ESTAT:TPS00204(1.0);PL;2016;10.1
PL_2017;ESTAT:TPS00204(1.0);PL;2017;10.6
PL_2018;ESTAT:TPS00204(1.0);PL;2018;10.2
PL_2019;ESTAT:TPS00204(1.0);PL;2019;9.9
PL_2020;ESTAT:TPS00204(1.0);PL;2020;9.4
PL_2021;ESTAT:TPS00204(1.0);PL;2021;8.8
PL_2022;ESTAT:TPS00204(1.0);PL;2022;8.3
PT_2011;ESTAT:TPS00204(1.0);PT;2011;9.2
PT_2012;ESTAT:TPS00204(1.0);PT;2012;8.5
PT_2013;ESTAT:TPS00204(1.0);PT;2013;7.9
PT_2014;ESTAT:TPS00204(1.0);PT;2014;7.9
PT_2015;ESTAT:TPS00204(1.0);PT;2015;8.3
PT_2016;ESTAT:TPS00204(1.0);PT;2016;8.4
PT_2017;ESTAT:TPS00204(1.0);PT;2017;8.4
PT_2018;ESTAT:TPS00204(1.0);PT;2018;8.5
PT_2019;ESTAT:TPS00204(1.0);PT;2019;8.4
PT_2020;ESTAT:TPS00204(1.0);PT;2020;8.2
PT_2021;ESTAT:TPS00204(1.0);PT;2021;7.7
PT_2022;ESTAT:TPS00204(1.0);PT;2022;8.0
RO_2011;ESTAT:TPS00204(1.0);RO;2011;9.7
RO_2012;ESTAT:TPS00204(1.0);RO;2012;10.0
RO_2013;ESTAT:TPS00204(1.0);RO;2013;9.4
RO_2014;ESTAT:TPS00204(1.0);RO;2014;10.0
RO_2015;ESTAT:TPS00204(1.0);RO;2015;10.2
RO_2016;ESTAT:TPS00204(1.0);RO;2016;10.4
RO_2017;ESTAT:TPS00204(1.0);RO;2017;10.8
RO_2018;ESTAT:TPS00204(1.0);RO;2018;10.4
RO_2019;ESTAT:TPS00204(1.0);RO;2019;10.3
RO_2020;ESTAT:TPS00204(1.0);RO;2020;10.3
RO_2021;ESTAT:TPS00204(1.0);RO;2021;10.1
RO_2022;ESTAT:TPS00204(1.0);RO;2022;9.6
RS_2011;ESTAT:TPS00204(1.0);RS;2011;9.1
RS_2012;ESTAT:TPS00204(1.0);RS;2012;9.3
RS_2013;ESTAT:TPS00204(1.0);RS;2013;9.2
RS_2014;ESTAT:TPS00204(1.0);RS;2014;9.3
RS_2015;ESTAT:TPS00204(1.0);RS;2015;9.3
RS_2016;ESTAT:TPS00204(1.0);RS;2016;9.2
RS_2017;ESTAT:TPS00204(1.0);RS;2017;9.2
RS_2018;ESTAT:TPS00204(1.0);RS;2018;9.2
RS_2019;ESTAT:TPS00204(1.0);RS;2019;9.3
RS_2020;ESTAT:TPS00204(1.0);RS;2020;8.9
RS_2021;ESTAT:TPS00204(1.0);RS;2021;9.1
RS_2022;ESTAT:TPS00204(1.0);RS;2022;9.3
RU_2011;ESTAT:TPS00204(1.0);RU;2011;12.6
SE_2011;ESTAT:TPS00204(1.0);SE;2011;11.8
SE_2012;ESTAT:TPS00204(1.0);SE;2012;11.9
SE_2013;ESTAT:TPS00204(1.0);SE;2013;11.8
SE_2014;ESTAT:TPS00204(1.0);SE;2014;11.9
SE_2015;ESTAT:TPS00204(1.0);SE;2015;11.7
SE_2016;ESTAT:TPS00204(1.0);SE;2016;11.8
SE_2017;ESTAT:TPS00204(1.0);SE;2017;11.5
SE_2018;ESTAT:TPS00204(1.0);SE;2018;11.4
SE_2019;ESTAT:TPS00204(1.0);SE;2019;11.1
SE_2020;ESTAT:TPS00204(1.0);SE;2020;10.9
SE_2021;ESTAT:TPS00204(1.0);SE;2021;11.0
SE_2022;ESTAT:TPS00204(1.0);SE;2022;10.0
SI_2011;ESTAT:TPS00204(1.0);SI;2011;10.7
SI_2012;ESTAT:TPS00204(1.0);SI;2012;10.7
SI_2013;ESTAT:TPS00204(1.0);SI;2013;10.2
SI_2014;ESTAT:TPS00204(1.0);SI;2014;10.3
SI_2015;ESTAT:TPS00204(1.0);SI;2015;10.0
SI_2016;ESTAT:TPS00204(1.0);SI;2016;9.9
SI_2017;ESTAT:TPS00204(1.0);SI;2017;9.8
SI_2018;ESTAT:TPS00204(1.0);SI;2018;9.4
SI_2019;ESTAT:TPS00204(1.0);SI;2019;9.3
SI_2020;ESTAT:TPS00204(1.0);SI;2020;8.9
SI_2021;ESTAT:TPS00204(1.0);SI;2021;9.0
SI_2022;ESTAT:TPS00204(1.0);SI;2022;8.3
SK_2011;ESTAT:TPS00204(1.0);SK;2011;11.3
SK_2012;ESTAT:TPS00204(1.0);SK;2012;10.3
SK_2013;ESTAT:TPS00204(1.0);SK;2013;10.1
SK_2014;ESTAT:TPS00204(1.0);SK;2014;10.2
SK_2015;ESTAT:TPS00204(1.0);SK;2015;10.3
SK_2016;ESTAT:TPS00204(1.0);SK;2016;10.6
SK_2017;ESTAT:TPS00204(1.0);SK;2017;10.7
SK_2018;ESTAT:TPS00204(1.0);SK;2018;10.6
SK_2019;ESTAT:TPS00204(1.0);SK;2019;10.5
SK_2020;ESTAT:TPS00204(1.0);SK;2020;10.4
SK_2021;ESTAT:TPS00204(1.0);SK;2021;10.4
SK_2022;ESTAT:TPS00204(1.0);SK;2022;9.7
SM_2011;ESTAT:TPS00204(1.0);SM;2011;10.0
SM_2012;ESTAT:TPS00204(1.0);SM;2012;8.7
SM_2013;ESTAT:TPS00204(1.0);SM;2013;9.7
SM_2014;ESTAT:TPS00204(1.0);SM;2014;9.1
SM_2015;ESTAT:TPS00204(1.0);SM;2015;8.2
SM_2016;ESTAT:TPS00204(1.0);SM;2016;7.9
SM_2017;ESTAT:TPS00204(1.0);SM;2017;6.7
SM_2018;ESTAT:TPS00204(1.0);SM;2018;6.8
SM_2019;ESTAT:TPS00204(1.0);SM;2019;6.7
SM_2021;ESTAT:TPS00204(1.0);SM;2021;6.2
SM_2022;ESTAT:TPS00204(1.0);SM;2022;6.1
TR_2011;ESTAT:TPS00204(1.0);TR;2011;16.7
TR_2012;ESTAT:TPS00204(1.0);TR;2012;17.0
TR_2013;ESTAT:TPS00204(1.0);TR;2013;16.8
TR_2014;ESTAT:TPS00204(1.0);TR;2014;17.3
TR_2015;ESTAT:TPS00204(1.0);TR;2015;16.9
TR_2016;ESTAT:TPS00204(1.0);TR;2016;16.5
TR_2017;ESTAT:TPS00204(1.0);TR;2017;16.1
TR_2018;ESTAT:TPS00204(1.0);TR;2018;15.3
TR_2019;ESTAT:TPS00204(1.0);TR;2019;14.3
TR_2020;ESTAT:TPS00204(1.0);TR;2020;13.3
TR_2021;ESTAT:TPS00204(1.0);TR;2021;12.8
TR_2022;ESTAT:TPS00204(1.0);TR;2022;12.2
UA_2011;ESTAT:TPS00204(1.0);UA;2011;11.0
UA_2012;ESTAT:TPS00204(1.0);UA;2012;11.5
UA_2013;ESTAT:TPS00204(1.0);UA;2013;11.1
UA_2015;ESTAT:TPS00204(1.0);UA;2015;9.6
UA_2016;ESTAT:TPS00204(1.0);UA;2016;9.3
UA_2017;ESTAT:TPS00204(1.0);UA;2017;8.6
UA_2018;ESTAT:TPS00204(1.0);UA;2018;8.0
UA_2019;ESTAT:TPS00204(1.0);UA;2019;7.4
UA_2020;ESTAT:TPS00204(1.0);UA;2020;7.1
UA_2021;ESTAT:TPS00204(1.0);UA;2021;6.6
UK_2011;ESTAT:TPS00204(1.0);UK;2011;12.8
UK_2012;ESTAT:TPS00204(1.0);UK;2012;12.8
UK_2013;ESTAT:TPS00204(1.0);UK;2013;12.1
UK_2014;ESTAT:TPS00204(1.0);UK;2014;12.0
UK_2015;ESTAT:TPS00204(1.0);UK;2015;11.9
UK_2016;ESTAT:TPS00204(1.0);UK;2016;11.8
UK_2017;ESTAT:TPS00204(1.0);UK;2017;11.4
UK_2018;ESTAT:TPS00204(1.0);UK;2018;11.0
UK_2019;ESTAT:TPS00204(1.0);UK;2019;10.7
XK_2011;ESTAT:TPS00204(1.0);XK;2011;15.5
XK_2012;ESTAT:TPS00204(1.0);XK;2012;15.4
XK_2013;ESTAT:TPS00204(1.0);XK;2013;16.1
XK_2014;ESTAT:TPS00204(1.0);XK;2014;14.3
XK_2015;ESTAT:TPS00204(1.0);XK;2015;13.8
XK_2016;ESTAT:TPS00204(1.0);XK;2016;13.2
XK_2017;ESTAT:TPS00204(1.0);XK;2017;13.1
XK_2018;ESTAT:TPS00204(1.0);XK;2018;12.7
XK_2019;ESTAT:TPS00204(1.0);XK;2019;12.2
XK_2020;ESTAT:TPS00204(1.0);XK;2020;15.5
