ID;DATAFLOW;COUNTRY;TIME_PERIOD;GDEATHRT_THSP
AD_2012;ESTAT:TPS00029(1.0);AD;2012;3.9
AD_2016;ESTAT:TPS00029(1.0);AD;2016;4.3
AD_2018;ESTAT:TPS00029(1.0);AD;2018;4.4
AD_2019;ESTAT:TPS00029(1.0);AD;2019;3.9
AD_2022;ESTAT:TPS00029(1.0);AD;2022;4.6
AL_2011;ESTAT:TPS00029(1.0);AL;2011;6.9
AL_2012;ESTAT:TPS00029(1.0);AL;2012;7.2
AL_2013;ESTAT:TPS00029(1.0);AL;2013;7.1
AL_2014;ESTAT:TPS00029(1.0);AL;2014;7.1
AL_2015;ESTAT:TPS00029(1.0);AL;2015;7.8
AL_2016;ESTAT:TPS00029(1.0);AL;2016;7.4
AL_2017;ESTAT:TPS00029(1.0);AL;2017;7.7
AL_2018;ESTAT:TPS00029(1.0);AL;2018;7.6
AL_2019;ESTAT:TPS00029(1.0);AL;2019;7.7
AL_2020;ESTAT:TPS00029(1.0);AL;2020;9.7
AL_2021;ESTAT:TPS00029(1.0);AL;2021;10.9
AL_2022;ESTAT:TPS00029(1.0);AL;2022;8.6
AM_2011;ESTAT:TPS00029(1.0);AM;2011;8.6
AM_2015;ESTAT:TPS00029(1.0);AM;2015;9.3
AM_2016;ESTAT:TPS00029(1.0);AM;2016;9.4
AM_2017;ESTAT:TPS00029(1.0);AM;2017;9.1
AM_2018;ESTAT:TPS00029(1.0);AM;2018;8.7
AM_2019;ESTAT:TPS00029(1.0);AM;2019;8.8
AM_2020;ESTAT:TPS00029(1.0);AM;2020;12.2
AT_2011;ESTAT:TPS00029(1.0);AT;2011;9.1
AT_2012;ESTAT:TPS00029(1.0);AT;2012;9.4
AT_2013;ESTAT:TPS00029(1.0);AT;2013;9.4
AT_2014;ESTAT:TPS00029(1.0);AT;2014;9.2
AT_2015;ESTAT:TPS00029(1.0);AT;2015;9.6
AT_2016;ESTAT:TPS00029(1.0);AT;2016;9.2
AT_2017;ESTAT:TPS00029(1.0);AT;2017;9.5
AT_2018;ESTAT:TPS00029(1.0);AT;2018;9.5
AT_2019;ESTAT:TPS00029(1.0);AT;2019;9.4
AT_2020;ESTAT:TPS00029(1.0);AT;2020;10.3
AT_2021;ESTAT:TPS00029(1.0);AT;2021;10.3
AT_2022;ESTAT:TPS00029(1.0);AT;2022;10.3
AZ_2011;ESTAT:TPS00029(1.0);AZ;2011;5.9
AZ_2012;ESTAT:TPS00029(1.0);AZ;2012;5.9
AZ_2013;ESTAT:TPS00029(1.0);AZ;2013;5.8
AZ_2014;ESTAT:TPS00029(1.0);AZ;2014;5.8
AZ_2015;ESTAT:TPS00029(1.0);AZ;2015;5.7
AZ_2016;ESTAT:TPS00029(1.0);AZ;2016;5.8
AZ_2017;ESTAT:TPS00029(1.0);AZ;2017;5.8
AZ_2018;ESTAT:TPS00029(1.0);AZ;2018;5.8
AZ_2019;ESTAT:TPS00029(1.0);AZ;2019;5.6
AZ_2020;ESTAT:TPS00029(1.0);AZ;2020;7.5
AZ_2021;ESTAT:TPS00029(1.0);AZ;2021;7.6
AZ_2022;ESTAT:TPS00029(1.0);AZ;2022;6.0
BA_2011;ESTAT:TPS00029(1.0);BA;2011;9.2
BA_2012;ESTAT:TPS00029(1.0);BA;2012;9.3
BA_2013;ESTAT:TPS00029(1.0);BA;2013;9.3
BA_2014;ESTAT:TPS00029(1.0);BA;2014;9.1
BA_2016;ESTAT:TPS00029(1.0);BA;2016;10.1
BA_2017;ESTAT:TPS00029(1.0);BA;2017;10.4
BA_2018;ESTAT:TPS00029(1.0);BA;2018;10.8
BE_2011;ESTAT:TPS00029(1.0);BE;2011;9.4
BE_2012;ESTAT:TPS00029(1.0);BE;2012;9.8
BE_2013;ESTAT:TPS00029(1.0);BE;2013;9.8
BE_2014;ESTAT:TPS00029(1.0);BE;2014;9.3
BE_2015;ESTAT:TPS00029(1.0);BE;2015;9.8
BE_2016;ESTAT:TPS00029(1.0);BE;2016;9.5
BE_2017;ESTAT:TPS00029(1.0);BE;2017;9.6
BE_2018;ESTAT:TPS00029(1.0);BE;2018;9.7
BE_2019;ESTAT:TPS00029(1.0);BE;2019;9.5
BE_2020;ESTAT:TPS00029(1.0);BE;2020;11.0
BE_2021;ESTAT:TPS00029(1.0);BE;2021;9.7
BE_2022;ESTAT:TPS00029(1.0);BE;2022;10.0
BG_2011;ESTAT:TPS00029(1.0);BG;2011;14.7
BG_2012;ESTAT:TPS00029(1.0);BG;2012;15.0
BG_2013;ESTAT:TPS00029(1.0);BG;2013;14.4
BG_2014;ESTAT:TPS00029(1.0);BG;2014;15.1
BG_2015;ESTAT:TPS00029(1.0);BG;2015;15.3
BG_2016;ESTAT:TPS00029(1.0);BG;2016;15.1
BG_2017;ESTAT:TPS00029(1.0);BG;2017;15.5
BG_2018;ESTAT:TPS00029(1.0);BG;2018;15.4
BG_2019;ESTAT:TPS00029(1.0);BG;2019;15.5
BG_2020;ESTAT:TPS00029(1.0);BG;2020;18.0
BG_2021;ESTAT:TPS00029(1.0);BG;2021;21.7
BG_2022;ESTAT:TPS00029(1.0);BG;2022;18.4
BY_2011;ESTAT:TPS00029(1.0);BY;2011;14.3
BY_2012;ESTAT:TPS00029(1.0);BY;2012;13.4
BY_2013;ESTAT:TPS00029(1.0);BY;2013;13.2
BY_2014;ESTAT:TPS00029(1.0);BY;2014;12.8
BY_2015;ESTAT:TPS00029(1.0);BY;2015;12.6
BY_2016;ESTAT:TPS00029(1.0);BY;2016;12.6
BY_2017;ESTAT:TPS00029(1.0);BY;2017;12.6
BY_2018;ESTAT:TPS00029(1.0);BY;2018;12.7
BY_2019;ESTAT:TPS00029(1.0);BY;2019;12.8
CH_2011;ESTAT:TPS00029(1.0);CH;2011;7.8
CH_2012;ESTAT:TPS00029(1.0);CH;2012;8.0
CH_2013;ESTAT:TPS00029(1.0);CH;2013;8.0
CH_2014;ESTAT:TPS00029(1.0);CH;2014;7.8
CH_2015;ESTAT:TPS00029(1.0);CH;2015;8.2
CH_2016;ESTAT:TPS00029(1.0);CH;2016;7.8
CH_2017;ESTAT:TPS00029(1.0);CH;2017;7.9
CH_2018;ESTAT:TPS00029(1.0);CH;2018;7.9
CH_2019;ESTAT:TPS00029(1.0);CH;2019;7.9
CH_2020;ESTAT:TPS00029(1.0);CH;2020;8.8
CH_2021;ESTAT:TPS00029(1.0);CH;2021;8.2
CH_2022;ESTAT:TPS00029(1.0);CH;2022;8.5
CY_2011;ESTAT:TPS00029(1.0);CY;2011;6.5
CY_2012;ESTAT:TPS00029(1.0);CY;2012;6.6
CY_2013;ESTAT:TPS00029(1.0);CY;2013;6.0
CY_2014;ESTAT:TPS00029(1.0);CY;2014;6.4
CY_2015;ESTAT:TPS00029(1.0);CY;2015;6.9
CY_2016;ESTAT:TPS00029(1.0);CY;2016;6.4
CY_2017;ESTAT:TPS00029(1.0);CY;2017;7.0
CY_2018;ESTAT:TPS00029(1.0);CY;2018;6.6
CY_2019;ESTAT:TPS00029(1.0);CY;2019;7.1
CY_2020;ESTAT:TPS00029(1.0);CY;2020;7.2
CY_2021;ESTAT:TPS00029(1.0);CY;2021;8.0
CY_2022;ESTAT:TPS00029(1.0);CY;2022;7.9
CZ_2011;ESTAT:TPS00029(1.0);CZ;2011;10.2
CZ_2012;ESTAT:TPS00029(1.0);CZ;2012;10.3
CZ_2013;ESTAT:TPS00029(1.0);CZ;2013;10.4
CZ_2014;ESTAT:TPS00029(1.0);CZ;2014;10.0
CZ_2015;ESTAT:TPS00029(1.0);CZ;2015;10.5
CZ_2016;ESTAT:TPS00029(1.0);CZ;2016;10.2
CZ_2017;ESTAT:TPS00029(1.0);CZ;2017;10.5
CZ_2018;ESTAT:TPS00029(1.0);CZ;2018;10.6
CZ_2019;ESTAT:TPS00029(1.0);CZ;2019;10.5
CZ_2020;ESTAT:TPS00029(1.0);CZ;2020;12.1
CZ_2021;ESTAT:TPS00029(1.0);CZ;2021;13.3
CZ_2022;ESTAT:TPS00029(1.0);CZ;2022;11.3
DE_2011;ESTAT:TPS00029(1.0);DE;2011;10.6
DE_2012;ESTAT:TPS00029(1.0);DE;2012;10.8
DE_2013;ESTAT:TPS00029(1.0);DE;2013;11.1
DE_2014;ESTAT:TPS00029(1.0);DE;2014;10.7
DE_2015;ESTAT:TPS00029(1.0);DE;2015;11.3
DE_2016;ESTAT:TPS00029(1.0);DE;2016;11.1
DE_2017;ESTAT:TPS00029(1.0);DE;2017;11.3
DE_2018;ESTAT:TPS00029(1.0);DE;2018;11.5
DE_2019;ESTAT:TPS00029(1.0);DE;2019;11.3
DE_2020;ESTAT:TPS00029(1.0);DE;2020;11.9
DE_2021;ESTAT:TPS00029(1.0);DE;2021;12.3
DE_2022;ESTAT:TPS00029(1.0);DE;2022;12.7
DK_2011;ESTAT:TPS00029(1.0);DK;2011;9.4
DK_2012;ESTAT:TPS00029(1.0);DK;2012;9.4
DK_2013;ESTAT:TPS00029(1.0);DK;2013;9.3
DK_2014;ESTAT:TPS00029(1.0);DK;2014;9.1
DK_2015;ESTAT:TPS00029(1.0);DK;2015;9.2
DK_2016;ESTAT:TPS00029(1.0);DK;2016;9.2
DK_2017;ESTAT:TPS00029(1.0);DK;2017;9.2
DK_2018;ESTAT:TPS00029(1.0);DK;2018;9.5
DK_2019;ESTAT:TPS00029(1.0);DK;2019;9.3
DK_2020;ESTAT:TPS00029(1.0);DK;2020;9.4
DK_2021;ESTAT:TPS00029(1.0);DK;2021;9.8
DK_2022;ESTAT:TPS00029(1.0);DK;2022;10.1
EE_2011;ESTAT:TPS00029(1.0);EE;2011;11.5
EE_2012;ESTAT:TPS00029(1.0);EE;2012;11.7
EE_2013;ESTAT:TPS00029(1.0);EE;2013;11.6
EE_2014;ESTAT:TPS00029(1.0);EE;2014;11.8
EE_2015;ESTAT:TPS00029(1.0);EE;2015;11.6
EE_2016;ESTAT:TPS00029(1.0);EE;2016;11.7
EE_2017;ESTAT:TPS00029(1.0);EE;2017;11.8
EE_2018;ESTAT:TPS00029(1.0);EE;2018;11.9
EE_2019;ESTAT:TPS00029(1.0);EE;2019;11.6
EE_2020;ESTAT:TPS00029(1.0);EE;2020;11.9
EE_2021;ESTAT:TPS00029(1.0);EE;2021;14.0
EE_2022;ESTAT:TPS00029(1.0);EE;2022;12.8
EL_2011;ESTAT:TPS00029(1.0);EL;2011;10.0
EL_2012;ESTAT:TPS00029(1.0);EL;2012;10.6
EL_2013;ESTAT:TPS00029(1.0);EL;2013;10.2
EL_2014;ESTAT:TPS00029(1.0);EL;2014;10.4
EL_2015;ESTAT:TPS00029(1.0);EL;2015;11.2
EL_2016;ESTAT:TPS00029(1.0);EL;2016;11.0
EL_2017;ESTAT:TPS00029(1.0);EL;2017;11.6
EL_2018;ESTAT:TPS00029(1.0);EL;2018;11.2
EL_2019;ESTAT:TPS00029(1.0);EL;2019;11.7
EL_2020;ESTAT:TPS00029(1.0);EL;2020;12.2
EL_2021;ESTAT:TPS00029(1.0);EL;2021;13.6
EL_2022;ESTAT:TPS00029(1.0);EL;2022;13.4
ES_2011;ESTAT:TPS00029(1.0);ES;2011;8.3
ES_2012;ESTAT:TPS00029(1.0);ES;2012;8.6
ES_2013;ESTAT:TPS00029(1.0);ES;2013;8.3
ES_2014;ESTAT:TPS00029(1.0);ES;2014;8.5
ES_2015;ESTAT:TPS00029(1.0);ES;2015;9.1
ES_2016;ESTAT:TPS00029(1.0);ES;2016;8.8
ES_2017;ESTAT:TPS00029(1.0);ES;2017;9.1
ES_2018;ESTAT:TPS00029(1.0);ES;2018;9.1
ES_2019;ESTAT:TPS00029(1.0);ES;2019;8.8
ES_2020;ESTAT:TPS00029(1.0);ES;2020;10.4
ES_2021;ESTAT:TPS00029(1.0);ES;2021;9.5
ES_2022;ESTAT:TPS00029(1.0);ES;2022;9.7
FI_2011;ESTAT:TPS00029(1.0);FI;2011;9.4
FI_2012;ESTAT:TPS00029(1.0);FI;2012;9.6
FI_2013;ESTAT:TPS00029(1.0);FI;2013;9.5
FI_2014;ESTAT:TPS00029(1.0);FI;2014;9.6
FI_2015;ESTAT:TPS00029(1.0);FI;2015;9.6
FI_2016;ESTAT:TPS00029(1.0);FI;2016;9.8
FI_2017;ESTAT:TPS00029(1.0);FI;2017;9.8
FI_2018;ESTAT:TPS00029(1.0);FI;2018;9.9
FI_2019;ESTAT:TPS00029(1.0);FI;2019;9.8
FI_2020;ESTAT:TPS00029(1.0);FI;2020;10.0
FI_2021;ESTAT:TPS00029(1.0);FI;2021;10.4
FI_2022;ESTAT:TPS00029(1.0);FI;2022;11.4
FR_2011;ESTAT:TPS00029(1.0);FR;2011;8.4
FR_2012;ESTAT:TPS00029(1.0);FR;2012;8.7
FR_2013;ESTAT:TPS00029(1.0);FR;2013;8.7
FR_2014;ESTAT:TPS00029(1.0);FR;2014;8.4
FR_2015;ESTAT:TPS00029(1.0);FR;2015;8.9
FR_2016;ESTAT:TPS00029(1.0);FR;2016;8.9
FR_2017;ESTAT:TPS00029(1.0);FR;2017;9.1
FR_2018;ESTAT:TPS00029(1.0);FR;2018;9.1
FR_2019;ESTAT:TPS00029(1.0);FR;2019;9.1
FR_2020;ESTAT:TPS00029(1.0);FR;2020;9.9
FR_2021;ESTAT:TPS00029(1.0);FR;2021;9.8
FR_2022;ESTAT:TPS00029(1.0);FR;2022;9.8
GE_2011;ESTAT:TPS00029(1.0);GE;2011;11.1
GE_2014;ESTAT:TPS00029(1.0);GE;2014;11.9
GE_2015;ESTAT:TPS00029(1.0);GE;2015;13.2
GE_2016;ESTAT:TPS00029(1.0);GE;2016;13.6
GE_2017;ESTAT:TPS00029(1.0);GE;2017;12.8
GE_2018;ESTAT:TPS00029(1.0);GE;2018;12.5
GE_2019;ESTAT:TPS00029(1.0);GE;2019;12.5
GE_2020;ESTAT:TPS00029(1.0);GE;2020;13.6
GE_2021;ESTAT:TPS00029(1.0);GE;2021;16.2
HR_2011;ESTAT:TPS00029(1.0);HR;2011;11.9
HR_2012;ESTAT:TPS00029(1.0);HR;2012;12.1
HR_2013;ESTAT:TPS00029(1.0);HR;2013;11.8
HR_2014;ESTAT:TPS00029(1.0);HR;2014;12.0
HR_2015;ESTAT:TPS00029(1.0);HR;2015;12.9
HR_2016;ESTAT:TPS00029(1.0);HR;2016;12.4
HR_2017;ESTAT:TPS00029(1.0);HR;2017;12.9
HR_2018;ESTAT:TPS00029(1.0);HR;2018;12.9
HR_2019;ESTAT:TPS00029(1.0);HR;2019;12.7
HR_2020;ESTAT:TPS00029(1.0);HR;2020;14.1
HR_2021;ESTAT:TPS00029(1.0);HR;2021;15.9
HR_2022;ESTAT:TPS00029(1.0);HR;2022;14.8
HU_2011;ESTAT:TPS00029(1.0);HU;2011;12.9
HU_2012;ESTAT:TPS00029(1.0);HU;2012;13.0
HU_2013;ESTAT:TPS00029(1.0);HU;2013;12.8
HU_2014;ESTAT:TPS00029(1.0);HU;2014;12.8
HU_2015;ESTAT:TPS00029(1.0);HU;2015;13.4
HU_2016;ESTAT:TPS00029(1.0);HU;2016;13.0
HU_2017;ESTAT:TPS00029(1.0);HU;2017;13.5
HU_2018;ESTAT:TPS00029(1.0);HU;2018;13.4
HU_2019;ESTAT:TPS00029(1.0);HU;2019;13.3
HU_2020;ESTAT:TPS00029(1.0);HU;2020;14.5
HU_2021;ESTAT:TPS00029(1.0);HU;2021;16.1
HU_2022;ESTAT:TPS00029(1.0);HU;2022;14.2
IE_2011;ESTAT:TPS00029(1.0);IE;2011;6.2
IE_2012;ESTAT:TPS00029(1.0);IE;2012;6.3
IE_2013;ESTAT:TPS00029(1.0);IE;2013;6.4
IE_2014;ESTAT:TPS00029(1.0);IE;2014;6.3
IE_2015;ESTAT:TPS00029(1.0);IE;2015;6.4
IE_2016;ESTAT:TPS00029(1.0);IE;2016;6.4
IE_2017;ESTAT:TPS00029(1.0);IE;2017;6.3
IE_2018;ESTAT:TPS00029(1.0);IE;2018;6.4
IE_2019;ESTAT:TPS00029(1.0);IE;2019;6.3
IE_2020;ESTAT:TPS00029(1.0);IE;2020;6.5
IE_2021;ESTAT:TPS00029(1.0);IE;2021;6.8
IE_2022;ESTAT:TPS00029(1.0);IE;2022;6.9
IS_2011;ESTAT:TPS00029(1.0);IS;2011;6.2
IS_2012;ESTAT:TPS00029(1.0);IS;2012;6.1
IS_2013;ESTAT:TPS00029(1.0);IS;2013;6.7
IS_2014;ESTAT:TPS00029(1.0);IS;2014;6.3
IS_2015;ESTAT:TPS00029(1.0);IS;2015;6.6
IS_2016;ESTAT:TPS00029(1.0);IS;2016;6.9
IS_2017;ESTAT:TPS00029(1.0);IS;2017;6.5
IS_2018;ESTAT:TPS00029(1.0);IS;2018;6.4
IS_2019;ESTAT:TPS00029(1.0);IS;2019;6.3
IS_2020;ESTAT:TPS00029(1.0);IS;2020;6.3
IS_2021;ESTAT:TPS00029(1.0);IS;2021;6.3
IS_2022;ESTAT:TPS00029(1.0);IS;2022;7.0
IT_2011;ESTAT:TPS00029(1.0);IT;2011;10.0
IT_2012;ESTAT:TPS00029(1.0);IT;2012;10.3
IT_2013;ESTAT:TPS00029(1.0);IT;2013;10.0
IT_2014;ESTAT:TPS00029(1.0);IT;2014;9.8
IT_2015;ESTAT:TPS00029(1.0);IT;2015;10.7
IT_2016;ESTAT:TPS00029(1.0);IT;2016;10.1
IT_2017;ESTAT:TPS00029(1.0);IT;2017;10.7
IT_2018;ESTAT:TPS00029(1.0);IT;2018;10.5
IT_2019;ESTAT:TPS00029(1.0);IT;2019;10.6
IT_2020;ESTAT:TPS00029(1.0);IT;2020;12.5
IT_2021;ESTAT:TPS00029(1.0);IT;2021;11.9
IT_2022;ESTAT:TPS00029(1.0);IT;2022;12.1
LI_2011;ESTAT:TPS00029(1.0);LI;2011;6.8
LI_2012;ESTAT:TPS00029(1.0);LI;2012;6.1
LI_2013;ESTAT:TPS00029(1.0);LI;2013;6.7
LI_2014;ESTAT:TPS00029(1.0);LI;2014;7.2
LI_2015;ESTAT:TPS00029(1.0);LI;2015;6.7
LI_2016;ESTAT:TPS00029(1.0);LI;2016;7.2
LI_2017;ESTAT:TPS00029(1.0);LI;2017;6.6
LI_2018;ESTAT:TPS00029(1.0);LI;2018;7.2
LI_2019;ESTAT:TPS00029(1.0);LI;2019;6.8
LI_2020;ESTAT:TPS00029(1.0);LI;2020;8.2
LI_2021;ESTAT:TPS00029(1.0);LI;2021;6.9
LI_2022;ESTAT:TPS00029(1.0);LI;2022;7.1
LT_2011;ESTAT:TPS00029(1.0);LT;2011;13.6
LT_2012;ESTAT:TPS00029(1.0);LT;2012;13.7
LT_2013;ESTAT:TPS00029(1.0);LT;2013;14.0
LT_2014;ESTAT:TPS00029(1.0);LT;2014;13.7
LT_2015;ESTAT:TPS00029(1.0);LT;2015;14.4
LT_2016;ESTAT:TPS00029(1.0);LT;2016;14.3
LT_2017;ESTAT:TPS00029(1.0);LT;2017;14.2
LT_2018;ESTAT:TPS00029(1.0);LT;2018;14.1
LT_2019;ESTAT:TPS00029(1.0);LT;2019;13.7
LT_2020;ESTAT:TPS00029(1.0);LT;2020;15.6
LT_2021;ESTAT:TPS00029(1.0);LT;2021;17.0
LT_2022;ESTAT:TPS00029(1.0);LT;2022;15.1
LU_2011;ESTAT:TPS00029(1.0);LU;2011;7.4
LU_2012;ESTAT:TPS00029(1.0);LU;2012;7.3
LU_2013;ESTAT:TPS00029(1.0);LU;2013;7.0
LU_2014;ESTAT:TPS00029(1.0);LU;2014;6.9
LU_2015;ESTAT:TPS00029(1.0);LU;2015;7.0
LU_2016;ESTAT:TPS00029(1.0);LU;2016;6.8
LU_2017;ESTAT:TPS00029(1.0);LU;2017;7.1
LU_2018;ESTAT:TPS00029(1.0);LU;2018;7.1
LU_2019;ESTAT:TPS00029(1.0);LU;2019;6.9
LU_2020;ESTAT:TPS00029(1.0);LU;2020;7.3
LU_2021;ESTAT:TPS00029(1.0);LU;2021;7.0
LU_2022;ESTAT:TPS00029(1.0);LU;2022;6.8
LV_2011;ESTAT:TPS00029(1.0);LV;2011;13.9
LV_2012;ESTAT:TPS00029(1.0);LV;2012;14.3
LV_2013;ESTAT:TPS00029(1.0);LV;2013;14.3
LV_2014;ESTAT:TPS00029(1.0);LV;2014;14.3
LV_2015;ESTAT:TPS00029(1.0);LV;2015;14.4
LV_2016;ESTAT:TPS00029(1.0);LV;2016;14.6
LV_2017;ESTAT:TPS00029(1.0);LV;2017;14.8
LV_2018;ESTAT:TPS00029(1.0);LV;2018;15.0
LV_2019;ESTAT:TPS00029(1.0);LV;2019;14.5
LV_2020;ESTAT:TPS00029(1.0);LV;2020;15.2
LV_2021;ESTAT:TPS00029(1.0);LV;2021;18.4
LV_2022;ESTAT:TPS00029(1.0);LV;2022;16.4
MC_2015;ESTAT:TPS00029(1.0);MC;2015;7.6
MC_2016;ESTAT:TPS00029(1.0);MC;2016;7.9
MC_2018;ESTAT:TPS00029(1.0);MC;2018;6.6
MD_2011;ESTAT:TPS00029(1.0);MD;2011;11.0
MD_2012;ESTAT:TPS00029(1.0);MD;2012;11.1
MD_2013;ESTAT:TPS00029(1.0);MD;2013;10.7
MD_2014;ESTAT:TPS00029(1.0);MD;2014;13.8
MD_2015;ESTAT:TPS00029(1.0);MD;2015;14.1
MD_2016;ESTAT:TPS00029(1.0);MD;2016;13.7
MD_2017;ESTAT:TPS00029(1.0);MD;2017;13.4
MD_2018;ESTAT:TPS00029(1.0);MD;2018;13.8
MD_2019;ESTAT:TPS00029(1.0);MD;2019;13.7
MD_2020;ESTAT:TPS00029(1.0);MD;2020;15.5
MD_2022;ESTAT:TPS00029(1.0);MD;2022;14.1
ME_2011;ESTAT:TPS00029(1.0);ME;2011;9.4
ME_2012;ESTAT:TPS00029(1.0);ME;2012;9.5
ME_2013;ESTAT:TPS00029(1.0);ME;2013;9.5
ME_2014;ESTAT:TPS00029(1.0);ME;2014;9.7
ME_2015;ESTAT:TPS00029(1.0);ME;2015;10.2
ME_2016;ESTAT:TPS00029(1.0);ME;2016;10.4
ME_2017;ESTAT:TPS00029(1.0);ME;2017;10.5
ME_2018;ESTAT:TPS00029(1.0);ME;2018;10.5
ME_2019;ESTAT:TPS00029(1.0);ME;2019;10.6
ME_2020;ESTAT:TPS00029(1.0);ME;2020;11.7
ME_2021;ESTAT:TPS00029(1.0);ME;2021;14.8
ME_2022;ESTAT:TPS00029(1.0);ME;2022;11.5
MK_2011;ESTAT:TPS00029(1.0);MK;2011;9.5
MK_2012;ESTAT:TPS00029(1.0);MK;2012;9.8
MK_2013;ESTAT:TPS00029(1.0);MK;2013;9.3
MK_2014;ESTAT:TPS00029(1.0);MK;2014;9.5
MK_2015;ESTAT:TPS00029(1.0);MK;2015;9.9
MK_2016;ESTAT:TPS00029(1.0);MK;2016;9.9
MK_2017;ESTAT:TPS00029(1.0);MK;2017;9.8
MK_2018;ESTAT:TPS00029(1.0);MK;2018;9.5
MK_2019;ESTAT:TPS00029(1.0);MK;2019;9.8
MK_2020;ESTAT:TPS00029(1.0);MK;2020;12.4
MK_2021;ESTAT:TPS00029(1.0);MK;2021;14.6
MK_2022;ESTAT:TPS00029(1.0);MK;2022;12.2
MT_2011;ESTAT:TPS00029(1.0);MT;2011;7.8
MT_2012;ESTAT:TPS00029(1.0);MT;2012;8.1
MT_2013;ESTAT:TPS00029(1.0);MT;2013;7.6
MT_2014;ESTAT:TPS00029(1.0);MT;2014;7.5
MT_2015;ESTAT:TPS00029(1.0);MT;2015;7.7
MT_2016;ESTAT:TPS00029(1.0);MT;2016;7.3
MT_2017;ESTAT:TPS00029(1.0);MT;2017;7.6
MT_2018;ESTAT:TPS00029(1.0);MT;2018;7.6
MT_2019;ESTAT:TPS00029(1.0);MT;2019;7.3
MT_2020;ESTAT:TPS00029(1.0);MT;2020;7.9
MT_2021;ESTAT:TPS00029(1.0);MT;2021;8.0
MT_2022;ESTAT:TPS00029(1.0);MT;2022;8.0
NL_2011;ESTAT:TPS00029(1.0);NL;2011;8.1
NL_2012;ESTAT:TPS00029(1.0);NL;2012;8.4
NL_2013;ESTAT:TPS00029(1.0);NL;2013;8.4
NL_2014;ESTAT:TPS00029(1.0);NL;2014;8.3
NL_2015;ESTAT:TPS00029(1.0);NL;2015;8.7
NL_2016;ESTAT:TPS00029(1.0);NL;2016;8.7
NL_2017;ESTAT:TPS00029(1.0);NL;2017;8.8
NL_2018;ESTAT:TPS00029(1.0);NL;2018;8.9
NL_2019;ESTAT:TPS00029(1.0);NL;2019;8.8
NL_2020;ESTAT:TPS00029(1.0);NL;2020;9.7
NL_2021;ESTAT:TPS00029(1.0);NL;2021;9.8
NL_2022;ESTAT:TPS00029(1.0);NL;2022;9.6
NO_2011;ESTAT:TPS00029(1.0);NO;2011;8.4
NO_2012;ESTAT:TPS00029(1.0);NO;2012;8.4
NO_2013;ESTAT:TPS00029(1.0);NO;2013;8.1
NO_2014;ESTAT:TPS00029(1.0);NO;2014;7.9
NO_2015;ESTAT:TPS00029(1.0);NO;2015;7.8
NO_2016;ESTAT:TPS00029(1.0);NO;2016;7.8
NO_2017;ESTAT:TPS00029(1.0);NO;2017;7.7
NO_2018;ESTAT:TPS00029(1.0);NO;2018;7.7
NO_2019;ESTAT:TPS00029(1.0);NO;2019;7.6
NO_2020;ESTAT:TPS00029(1.0);NO;2020;7.5
NO_2021;ESTAT:TPS00029(1.0);NO;2021;7.8
NO_2022;ESTAT:TPS00029(1.0);NO;2022;8.4
PL_2011;ESTAT:TPS00029(1.0);PL;2011;9.9
PL_2012;ESTAT:TPS00029(1.0);PL;2012;10.1
PL_2013;ESTAT:TPS00029(1.0);PL;2013;10.2
PL_2014;ESTAT:TPS00029(1.0);PL;2014;9.9
PL_2015;ESTAT:TPS00029(1.0);PL;2015;10.4
PL_2016;ESTAT:TPS00029(1.0);PL;2016;10.2
PL_2017;ESTAT:TPS00029(1.0);PL;2017;10.6
PL_2018;ESTAT:TPS00029(1.0);PL;2018;10.9
PL_2019;ESTAT:TPS00029(1.0);PL;2019;10.8
PL_2020;ESTAT:TPS00029(1.0);PL;2020;12.6
PL_2021;ESTAT:TPS00029(1.0);PL;2021;13.8
PL_2022;ESTAT:TPS00029(1.0);PL;2022;12.2
PT_2011;ESTAT:TPS00029(1.0);PT;2011;9.7
PT_2012;ESTAT:TPS00029(1.0);PT;2012;10.2
PT_2013;ESTAT:TPS00029(1.0);PT;2013;10.2
PT_2014;ESTAT:TPS00029(1.0);PT;2014;10.1
PT_2015;ESTAT:TPS00029(1.0);PT;2015;10.5
PT_2016;ESTAT:TPS00029(1.0);PT;2016;10.7
PT_2017;ESTAT:TPS00029(1.0);PT;2017;10.7
PT_2018;ESTAT:TPS00029(1.0);PT;2018;11.0
PT_2019;ESTAT:TPS00029(1.0);PT;2019;10.9
PT_2020;ESTAT:TPS00029(1.0);PT;2020;12.0
PT_2021;ESTAT:TPS00029(1.0);PT;2021;12.0
PT_2022;ESTAT:TPS00029(1.0);PT;2022;11.9
RO_2011;ESTAT:TPS00029(1.0);RO;2011;12.5
RO_2012;ESTAT:TPS00029(1.0);RO;2012;12.7
RO_2013;ESTAT:TPS00029(1.0);RO;2013;12.4
RO_2014;ESTAT:TPS00029(1.0);RO;2014;12.8
RO_2015;ESTAT:TPS00029(1.0);RO;2015;13.2
RO_2016;ESTAT:TPS00029(1.0);RO;2016;13.1
RO_2017;ESTAT:TPS00029(1.0);RO;2017;13.4
RO_2018;ESTAT:TPS00029(1.0);RO;2018;13.6
RO_2019;ESTAT:TPS00029(1.0);RO;2019;13.4
RO_2020;ESTAT:TPS00029(1.0);RO;2020;15.5
RO_2021;ESTAT:TPS00029(1.0);RO;2021;17.5
RO_2022;ESTAT:TPS00029(1.0);RO;2022;14.3
RS_2011;ESTAT:TPS00029(1.0);RS;2011;14.2
RS_2012;ESTAT:TPS00029(1.0);RS;2012;14.2
RS_2013;ESTAT:TPS00029(1.0);RS;2013;14.0
RS_2014;ESTAT:TPS00029(1.0);RS;2014;14.2
RS_2015;ESTAT:TPS00029(1.0);RS;2015;14.6
RS_2016;ESTAT:TPS00029(1.0);RS;2016;14.3
RS_2017;ESTAT:TPS00029(1.0);RS;2017;14.8
RS_2018;ESTAT:TPS00029(1.0);RS;2018;14.6
RS_2019;ESTAT:TPS00029(1.0);RS;2019;14.6
RS_2020;ESTAT:TPS00029(1.0);RS;2020;16.9
RS_2021;ESTAT:TPS00029(1.0);RS;2021;20.0
RS_2022;ESTAT:TPS00029(1.0);RS;2022;16.2
RU_2011;ESTAT:TPS00029(1.0);RU;2011;13.5
SE_2011;ESTAT:TPS00029(1.0);SE;2011;9.5
SE_2012;ESTAT:TPS00029(1.0);SE;2012;9.7
SE_2013;ESTAT:TPS00029(1.0);SE;2013;9.4
SE_2014;ESTAT:TPS00029(1.0);SE;2014;9.2
SE_2015;ESTAT:TPS00029(1.0);SE;2015;9.3
SE_2016;ESTAT:TPS00029(1.0);SE;2016;9.2
SE_2017;ESTAT:TPS00029(1.0);SE;2017;9.1
SE_2018;ESTAT:TPS00029(1.0);SE;2018;9.1
SE_2019;ESTAT:TPS00029(1.0);SE;2019;8.6
SE_2020;ESTAT:TPS00029(1.0);SE;2020;9.5
SE_2021;ESTAT:TPS00029(1.0);SE;2021;8.8
SE_2022;ESTAT:TPS00029(1.0);SE;2022;9.0
SI_2011;ESTAT:TPS00029(1.0);SI;2011;9.1
SI_2012;ESTAT:TPS00029(1.0);SI;2012;9.4
SI_2013;ESTAT:TPS00029(1.0);SI;2013;9.4
SI_2014;ESTAT:TPS00029(1.0);SI;2014;9.2
SI_2015;ESTAT:TPS00029(1.0);SI;2015;9.6
SI_2016;ESTAT:TPS00029(1.0);SI;2016;9.5
SI_2017;ESTAT:TPS00029(1.0);SI;2017;9.9
SI_2018;ESTAT:TPS00029(1.0);SI;2018;9.9
SI_2019;ESTAT:TPS00029(1.0);SI;2019;9.9
SI_2020;ESTAT:TPS00029(1.0);SI;2020;11.4
SI_2021;ESTAT:TPS00029(1.0);SI;2021;11.0
SI_2022;ESTAT:TPS00029(1.0);SI;2022;10.6
SK_2011;ESTAT:TPS00029(1.0);SK;2011;9.6
SK_2012;ESTAT:TPS00029(1.0);SK;2012;9.7
SK_2013;ESTAT:TPS00029(1.0);SK;2013;9.6
SK_2014;ESTAT:TPS00029(1.0);SK;2014;9.5
SK_2015;ESTAT:TPS00029(1.0);SK;2015;9.9
SK_2016;ESTAT:TPS00029(1.0);SK;2016;9.6
SK_2017;ESTAT:TPS00029(1.0);SK;2017;9.9
SK_2018;ESTAT:TPS00029(1.0);SK;2018;10.0
SK_2019;ESTAT:TPS00029(1.0);SK;2019;9.8
SK_2020;ESTAT:TPS00029(1.0);SK;2020;10.8
SK_2021;ESTAT:TPS00029(1.0);SK;2021;13.5
SK_2022;ESTAT:TPS00029(1.0);SK;2022;11.0
SM_2011;ESTAT:TPS00029(1.0);SM;2011;6.8
SM_2012;ESTAT:TPS00029(1.0);SM;2012;7.1
SM_2013;ESTAT:TPS00029(1.0);SM;2013;7.5
SM_2014;ESTAT:TPS00029(1.0);SM;2014;7.7
SM_2015;ESTAT:TPS00029(1.0);SM;2015;7.1
SM_2016;ESTAT:TPS00029(1.0);SM;2016;7.6
SM_2017;ESTAT:TPS00029(1.0);SM;2017;8.2
SM_2018;ESTAT:TPS00029(1.0);SM;2018;7.1
SM_2019;ESTAT:TPS00029(1.0);SM;2019;7.2
SM_2021;ESTAT:TPS00029(1.0);SM;2021;9.1
SM_2022;ESTAT:TPS00029(1.0);SM;2022;7.8
TR_2011;ESTAT:TPS00029(1.0);TR;2011;5.1
TR_2012;ESTAT:TPS00029(1.0);TR;2012;5.4
TR_2013;ESTAT:TPS00029(1.0);TR;2013;4.9
TR_2014;ESTAT:TPS00029(1.0);TR;2014;5.1
TR_2015;ESTAT:TPS00029(1.0);TR;2015;5.2
TR_2016;ESTAT:TPS00029(1.0);TR;2016;5.3
TR_2017;ESTAT:TPS00029(1.0);TR;2017;5.3
TR_2018;ESTAT:TPS00029(1.0);TR;2018;5.2
TR_2019;ESTAT:TPS00029(1.0);TR;2019;5.3
TR_2022;ESTAT:TPS00029(1.0);TR;2022;5.9
UA_2011;ESTAT:TPS00029(1.0);UA;2011;14.6
UA_2012;ESTAT:TPS00029(1.0);UA;2012;14.6
UA_2013;ESTAT:TPS00029(1.0);UA;2013;14.6
UA_2015;ESTAT:TPS00029(1.0);UA;2015;13.9
UA_2016;ESTAT:TPS00029(1.0);UA;2016;13.7
UA_2017;ESTAT:TPS00029(1.0);UA;2017;13.6
UA_2018;ESTAT:TPS00029(1.0);UA;2018;14.0
UA_2019;ESTAT:TPS00029(1.0);UA;2019;13.9
UA_2020;ESTAT:TPS00029(1.0);UA;2020;14.8
UA_2021;ESTAT:TPS00029(1.0);UA;2021;17.3
UK_2011;ESTAT:TPS00029(1.0);UK;2011;8.7
UK_2012;ESTAT:TPS00029(1.0);UK;2012;8.9
UK_2013;ESTAT:TPS00029(1.0);UK;2013;9.0
UK_2014;ESTAT:TPS00029(1.0);UK;2014;8.8
UK_2015;ESTAT:TPS00029(1.0);UK;2015;9.2
UK_2016;ESTAT:TPS00029(1.0);UK;2016;9.1
UK_2017;ESTAT:TPS00029(1.0);UK;2017;9.2
UK_2018;ESTAT:TPS00029(1.0);UK;2018;9.2
UK_2019;ESTAT:TPS00029(1.0);UK;2019;9.0
XK_2011;ESTAT:TPS00029(1.0);XK;2011;4.0
XK_2012;ESTAT:TPS00029(1.0);XK;2012;4.1
XK_2013;ESTAT:TPS00029(1.0);XK;2013;3.9
XK_2014;ESTAT:TPS00029(1.0);XK;2014;4.2
XK_2015;ESTAT:TPS00029(1.0);XK;2015;4.6
XK_2016;ESTAT:TPS00029(1.0);XK;2016;4.8
XK_2017;ESTAT:TPS00029(1.0);XK;2017;4.9
XK_2018;ESTAT:TPS00029(1.0);XK;2018;5.0
XK_2019;ESTAT:TPS00029(1.0);XK;2019;5.3
XK_2020;ESTAT:TPS00029(1.0);XK;2020;8.1
