ID;DATAFLOW;COUNTRY;Reference area;UNIT_MEASURE;Unit of measure;TIME_PERIOD;OBS_VALUE
LU_2012;OECD.ELS.HD:DSD_SHA@DF_SHA(1.0);LU;Luxembourg;PT_B1GQ;Percentage of GDP;2012;4,386
LU_2013;OECD.ELS.HD:DSD_SHA@DF_SHA(1.0);LU;Luxembourg;PT_B1GQ;Percentage of GDP;2013;4,35
LU_2014;OECD.ELS.HD:DSD_SHA@DF_SHA(1.0);LU;Luxembourg;PT_B1GQ;Percentage of GDP;2014;4,366
LU_2015;OECD.ELS.HD:DSD_SHA@DF_SHA(1.0);LU;Luxembourg;PT_B1GQ;Percentage of GDP;2015;4,251
LU_2016;OECD.ELS.HD:DSD_SHA@DF_SHA(1.0);LU;Luxembourg;PT_B1GQ;Percentage of GDP;2016;4,24
LU_2017;OECD.ELS.HD:DSD_SHA@DF_SHA(1.0);LU;Luxembourg;PT_B1GQ;Percentage of GDP;2017;4,311
LU_2018;OECD.ELS.HD:DSD_SHA@DF_SHA(1.0);LU;Luxembourg;PT_B1GQ;Percentage of GDP;2018;4,439
LU_2019;OECD.ELS.HD:DSD_SHA@DF_SHA(1.0);LU;Luxembourg;PT_B1GQ;Percentage of GDP;2019;4,647
LU_2020;OECD.ELS.HD:DSD_SHA@DF_SHA(1.0);LU;Luxembourg;PT_B1GQ;Percentage of GDP;2020;4,966
LU_2021;OECD.ELS.HD:DSD_SHA@DF_SHA(1.0);LU;Luxembourg;PT_B1GQ;Percentage of GDP;2021;4,877
LU_2022;OECD.ELS.HD:DSD_SHA@DF_SHA(1.0);LU;Luxembourg;PT_B1GQ;Percentage of GDP;2022;4,685
IS_2012;OECD.ELS.HD:DSD_SHA@DF_SHA(1.0);IS;Iceland;PT_EXP_HLTH;Percentage of expenditure on health;2012;79,921
IS_2013;OECD.ELS.HD:DSD_SHA@DF_SHA(1.0);IS;Iceland;PT_EXP_HLTH;Percentage of expenditure on health;2013;80,233
IS_2014;OECD.ELS.HD:DSD_SHA@DF_SHA(1.0);IS;Iceland;PT_EXP_HLTH;Percentage of expenditure on health;2014;80,494
IS_2015;OECD.ELS.HD:DSD_SHA@DF_SHA(1.0);IS;Iceland;PT_EXP_HLTH;Percentage of expenditure on health;2015;80,81
IS_2016;OECD.ELS.HD:DSD_SHA@DF_SHA(1.0);IS;Iceland;PT_EXP_HLTH;Percentage of expenditure on health;2016;81,509
IS_2017;OECD.ELS.HD:DSD_SHA@DF_SHA(1.0);IS;Iceland;PT_EXP_HLTH;Percentage of expenditure on health;2017;81,863
IS_2018;OECD.ELS.HD:DSD_SHA@DF_SHA(1.0);IS;Iceland;PT_EXP_HLTH;Percentage of expenditure on health;2018;82,381
IS_2019;OECD.ELS.HD:DSD_SHA@DF_SHA(1.0);IS;Iceland;PT_EXP_HLTH;Percentage of expenditure on health;2019;82,797
IS_2020;OECD.ELS.HD:DSD_SHA@DF_SHA(1.0);IS;Iceland;PT_EXP_HLTH;Percentage of expenditure on health;2020;83,325
IS_2021;OECD.ELS.HD:DSD_SHA@DF_SHA(1.0);IS;Iceland;PT_EXP_HLTH;Percentage of expenditure on health;2021;83,668
IS_2022;OECD.ELS.HD:DSD_SHA@DF_SHA(1.0);IS;Iceland;PT_EXP_HLTH;Percentage of expenditure on health;2022;83,271
ES_2012;OECD.ELS.HD:DSD_SHA@DF_SHA(1.0);ES;Spain;PT_EXP_HLTH;Percentage of expenditure on health;2012;72,108
ES_2013;OECD.ELS.HD:DSD_SHA@DF_SHA(1.0);ES;Spain;PT_EXP_HLTH;Percentage of expenditure on health;2013;71,006
ES_2014;OECD.ELS.HD:DSD_SHA@DF_SHA(1.0);ES;Spain;PT_EXP_HLTH;Percentage of expenditure on health;2014;70,264
ES_2015;OECD.ELS.HD:DSD_SHA@DF_SHA(1.0);ES;Spain;PT_EXP_HLTH;Percentage of expenditure on health;2015;71,316
ES_2016;OECD.ELS.HD:DSD_SHA@DF_SHA(1.0);ES;Spain;PT_EXP_HLTH;Percentage of expenditure on health;2016;71,553
ES_2017;OECD.ELS.HD:DSD_SHA@DF_SHA(1.0);ES;Spain;PT_EXP_HLTH;Percentage of expenditure on health;2017;70,508
ES_2018;OECD.ELS.HD:DSD_SHA@DF_SHA(1.0);ES;Spain;PT_EXP_HLTH;Percentage of expenditure on health;2018;70,224
ES_2019;OECD.ELS.HD:DSD_SHA@DF_SHA(1.0);ES;Spain;PT_EXP_HLTH;Percentage of expenditure on health;2019;70,548
ES_2020;OECD.ELS.HD:DSD_SHA@DF_SHA(1.0);ES;Spain;PT_EXP_HLTH;Percentage of expenditure on health;2020;73,145
ES_2021;OECD.ELS.HD:DSD_SHA@DF_SHA(1.0);ES;Spain;PT_EXP_HLTH;Percentage of expenditure on health;2021;71,605
ES_2022;OECD.ELS.HD:DSD_SHA@DF_SHA(1.0);ES;Spain;PT_EXP_HLTH;Percentage of expenditure on health;2022;70,236
CZ_2012;OECD.ELS.HD:DSD_SHA@DF_SHA(1.0);CZ;Czechia;PT_EXP_HLTH;Percentage of expenditure on health;2012;84,626
CZ_2013;OECD.ELS.HD:DSD_SHA@DF_SHA(1.0);CZ;Czechia;PT_EXP_HLTH;Percentage of expenditure on health;2013;84,507
CZ_2014;OECD.ELS.HD:DSD_SHA@DF_SHA(1.0);CZ;Czechia;PT_EXP_HLTH;Percentage of expenditure on health;2014;84,122
CZ_2015;OECD.ELS.HD:DSD_SHA@DF_SHA(1.0);CZ;Czechia;PT_EXP_HLTH;Percentage of expenditure on health;2015;84,318
CZ_2016;OECD.ELS.HD:DSD_SHA@DF_SHA(1.0);CZ;Czechia;PT_EXP_HLTH;Percentage of expenditure on health;2016;84,251
CZ_2017;OECD.ELS.HD:DSD_SHA@DF_SHA(1.0);CZ;Czechia;PT_EXP_HLTH;Percentage of expenditure on health;2017;84,388
CZ_2018;OECD.ELS.HD:DSD_SHA@DF_SHA(1.0);CZ;Czechia;PT_EXP_HLTH;Percentage of expenditure on health;2018;84,879
CZ_2019;OECD.ELS.HD:DSD_SHA@DF_SHA(1.0);CZ;Czechia;PT_EXP_HLTH;Percentage of expenditure on health;2019;84,987
CZ_2020;OECD.ELS.HD:DSD_SHA@DF_SHA(1.0);CZ;Czechia;PT_EXP_HLTH;Percentage of expenditure on health;2020;87,702
CZ_2021;OECD.ELS.HD:DSD_SHA@DF_SHA(1.0);CZ;Czechia;PT_EXP_HLTH;Percentage of expenditure on health;2021;86,418
CZ_2022;OECD.ELS.HD:DSD_SHA@DF_SHA(1.0);CZ;Czechia;PT_EXP_HLTH;Percentage of expenditure on health;2022;85,816
GR_2012;OECD.ELS.HD:DSD_SHA@DF_SHA(1.0);GR;Greece;PT_B1GQ;Percentage of GDP;2012;5,899
GR_2013;OECD.ELS.HD:DSD_SHA@DF_SHA(1.0);GR;Greece;PT_B1GQ;Percentage of GDP;2013;5,238
GR_2014;OECD.ELS.HD:DSD_SHA@DF_SHA(1.0);GR;Greece;PT_B1GQ;Percentage of GDP;2014;4,542
GR_2015;OECD.ELS.HD:DSD_SHA@DF_SHA(1.0);GR;Greece;PT_B1GQ;Percentage of GDP;2015;4,803
GR_2016;OECD.ELS.HD:DSD_SHA@DF_SHA(1.0);GR;Greece;PT_B1GQ;Percentage of GDP;2016;5,186
GR_2017;OECD.ELS.HD:DSD_SHA@DF_SHA(1.0);GR;Greece;PT_B1GQ;Percentage of GDP;2017;4,926
GR_2018;OECD.ELS.HD:DSD_SHA@DF_SHA(1.0);GR;Greece;PT_B1GQ;Percentage of GDP;2018;4,808
GR_2019;OECD.ELS.HD:DSD_SHA@DF_SHA(1.0);GR;Greece;PT_B1GQ;Percentage of GDP;2019;5,043
GR_2020;OECD.ELS.HD:DSD_SHA@DF_SHA(1.0);GR;Greece;PT_B1GQ;Percentage of GDP;2020;5,876
GR_2021;OECD.ELS.HD:DSD_SHA@DF_SHA(1.0);GR;Greece;PT_B1GQ;Percentage of GDP;2021;5,699
GR_2022;OECD.ELS.HD:DSD_SHA@DF_SHA(1.0);GR;Greece;PT_B1GQ;Percentage of GDP;2022;5,085
CY_2012;OECD.ELS.HD:DSD_SHA@DF_SHA(1.0);CY;Cyprus;PT_B1GQ;Percentage of GDP;2012;3,029
CY_2013;OECD.ELS.HD:DSD_SHA@DF_SHA(1.0);CY;Cyprus;PT_B1GQ;Percentage of GDP;2013;3,193
CY_2014;OECD.ELS.HD:DSD_SHA@DF_SHA(1.0);CY;Cyprus;PT_B1GQ;Percentage of GDP;2014;2,984
CY_2015;OECD.ELS.HD:DSD_SHA@DF_SHA(1.0);CY;Cyprus;PT_B1GQ;Percentage of GDP;2015;2,862
CY_2016;OECD.ELS.HD:DSD_SHA@DF_SHA(1.0);CY;Cyprus;PT_B1GQ;Percentage of GDP;2016;2,787
CY_2017;OECD.ELS.HD:DSD_SHA@DF_SHA(1.0);CY;Cyprus;PT_B1GQ;Percentage of GDP;2017;2,748
CY_2018;OECD.ELS.HD:DSD_SHA@DF_SHA(1.0);CY;Cyprus;PT_B1GQ;Percentage of GDP;2018;2,869
CY_2019;OECD.ELS.HD:DSD_SHA@DF_SHA(1.0);CY;Cyprus;PT_B1GQ;Percentage of GDP;2019;3,83
CY_2020;OECD.ELS.HD:DSD_SHA@DF_SHA(1.0);CY;Cyprus;PT_B1GQ;Percentage of GDP;2020;6,294
CY_2021;OECD.ELS.HD:DSD_SHA@DF_SHA(1.0);CY;Cyprus;PT_B1GQ;Percentage of GDP;2021;8,041
CY_2012;OECD.ELS.HD:DSD_SHA@DF_SHA(1.0);CY;Cyprus;PT_EXP_HLTH;Percentage of expenditure on health;2012;46,343
CY_2013;OECD.ELS.HD:DSD_SHA@DF_SHA(1.0);CY;Cyprus;PT_EXP_HLTH;Percentage of expenditure on health;2013;46,091
CY_2014;OECD.ELS.HD:DSD_SHA@DF_SHA(1.0);CY;Cyprus;PT_EXP_HLTH;Percentage of expenditure on health;2014;43,045
CY_2015;OECD.ELS.HD:DSD_SHA@DF_SHA(1.0);CY;Cyprus;PT_EXP_HLTH;Percentage of expenditure on health;2015;42,131
CY_2016;OECD.ELS.HD:DSD_SHA@DF_SHA(1.0);CY;Cyprus;PT_EXP_HLTH;Percentage of expenditure on health;2016;41,895
CY_2017;OECD.ELS.HD:DSD_SHA@DF_SHA(1.0);CY;Cyprus;PT_EXP_HLTH;Percentage of expenditure on health;2017;41,506
CY_2018;OECD.ELS.HD:DSD_SHA@DF_SHA(1.0);CY;Cyprus;PT_EXP_HLTH;Percentage of expenditure on health;2018;42,026
CY_2019;OECD.ELS.HD:DSD_SHA@DF_SHA(1.0);CY;Cyprus;PT_EXP_HLTH;Percentage of expenditure on health;2019;54,197
CY_2020;OECD.ELS.HD:DSD_SHA@DF_SHA(1.0);CY;Cyprus;PT_EXP_HLTH;Percentage of expenditure on health;2020;74,857
CY_2021;OECD.ELS.HD:DSD_SHA@DF_SHA(1.0);CY;Cyprus;PT_EXP_HLTH;Percentage of expenditure on health;2021;85,287
LV_2012;OECD.ELS.HD:DSD_SHA@DF_SHA(1.0);LV;Latvia;PT_B1GQ;Percentage of GDP;2012;3,265
LV_2013;OECD.ELS.HD:DSD_SHA@DF_SHA(1.0);LV;Latvia;PT_B1GQ;Percentage of GDP;2013;3,246
LV_2014;OECD.ELS.HD:DSD_SHA@DF_SHA(1.0);LV;Latvia;PT_B1GQ;Percentage of GDP;2014;3,26
LV_2015;OECD.ELS.HD:DSD_SHA@DF_SHA(1.0);LV;Latvia;PT_B1GQ;Percentage of GDP;2015;3,315
LV_2016;OECD.ELS.HD:DSD_SHA@DF_SHA(1.0);LV;Latvia;PT_B1GQ;Percentage of GDP;2016;3,426
LV_2017;OECD.ELS.HD:DSD_SHA@DF_SHA(1.0);LV;Latvia;PT_B1GQ;Percentage of GDP;2017;3,42
LV_2018;OECD.ELS.HD:DSD_SHA@DF_SHA(1.0);LV;Latvia;PT_B1GQ;Percentage of GDP;2018;3,706
LV_2019;OECD.ELS.HD:DSD_SHA@DF_SHA(1.0);LV;Latvia;PT_B1GQ;Percentage of GDP;2019;3,977
LV_2020;OECD.ELS.HD:DSD_SHA@DF_SHA(1.0);LV;Latvia;PT_B1GQ;Percentage of GDP;2020;4,606
LV_2021;OECD.ELS.HD:DSD_SHA@DF_SHA(1.0);LV;Latvia;PT_B1GQ;Percentage of GDP;2021;6,283
LV_2022;OECD.ELS.HD:DSD_SHA@DF_SHA(1.0);LV;Latvia;PT_B1GQ;Percentage of GDP;2022;5,914
LV_2012;OECD.ELS.HD:DSD_SHA@DF_SHA(1.0);LV;Latvia;PT_EXP_HLTH;Percentage of expenditure on health;2012;60,348
LV_2013;OECD.ELS.HD:DSD_SHA@DF_SHA(1.0);LV;Latvia;PT_EXP_HLTH;Percentage of expenditure on health;2013;60,014
LV_2014;OECD.ELS.HD:DSD_SHA@DF_SHA(1.0);LV;Latvia;PT_EXP_HLTH;Percentage of expenditure on health;2014;59,672
LV_2015;OECD.ELS.HD:DSD_SHA@DF_SHA(1.0);LV;Latvia;PT_EXP_HLTH;Percentage of expenditure on health;2015;58,653
LV_2016;OECD.ELS.HD:DSD_SHA@DF_SHA(1.0);LV;Latvia;PT_EXP_HLTH;Percentage of expenditure on health;2016;55,867
LV_2017;OECD.ELS.HD:DSD_SHA@DF_SHA(1.0);LV;Latvia;PT_EXP_HLTH;Percentage of expenditure on health;2017;57,329
LV_2018;OECD.ELS.HD:DSD_SHA@DF_SHA(1.0);LV;Latvia;PT_EXP_HLTH;Percentage of expenditure on health;2018;59,881
LV_2019;OECD.ELS.HD:DSD_SHA@DF_SHA(1.0);LV;Latvia;PT_EXP_HLTH;Percentage of expenditure on health;2019;60,123
LV_2020;OECD.ELS.HD:DSD_SHA@DF_SHA(1.0);LV;Latvia;PT_EXP_HLTH;Percentage of expenditure on health;2020;63,608
LV_2021;OECD.ELS.HD:DSD_SHA@DF_SHA(1.0);LV;Latvia;PT_EXP_HLTH;Percentage of expenditure on health;2021;69,465
LV_2022;OECD.ELS.HD:DSD_SHA@DF_SHA(1.0);LV;Latvia;PT_EXP_HLTH;Percentage of expenditure on health;2022;66,876
DE_2012;OECD.ELS.HD:DSD_SHA@DF_SHA(1.0);DE;Germany;PT_B1GQ;Percentage of GDP;2012;9,006
DE_2013;OECD.ELS.HD:DSD_SHA@DF_SHA(1.0);DE;Germany;PT_B1GQ;Percentage of GDP;2013;9,22
DE_2014;OECD.ELS.HD:DSD_SHA@DF_SHA(1.0);DE;Germany;PT_B1GQ;Percentage of GDP;2014;9,285
DE_2015;OECD.ELS.HD:DSD_SHA@DF_SHA(1.0);DE;Germany;PT_B1GQ;Percentage of GDP;2015;9,421
DE_2016;OECD.ELS.HD:DSD_SHA@DF_SHA(1.0);DE;Germany;PT_B1GQ;Percentage of GDP;2016;9,483
DE_2017;OECD.ELS.HD:DSD_SHA@DF_SHA(1.0);DE;Germany;PT_B1GQ;Percentage of GDP;2017;9,566
DE_2018;OECD.ELS.HD:DSD_SHA@DF_SHA(1.0);DE;Germany;PT_B1GQ;Percentage of GDP;2018;9,657
DE_2019;OECD.ELS.HD:DSD_SHA@DF_SHA(1.0);DE;Germany;PT_B1GQ;Percentage of GDP;2019;9,838
DE_2020;OECD.ELS.HD:DSD_SHA@DF_SHA(1.0);DE;Germany;PT_B1GQ;Percentage of GDP;2020;10,801
DE_2021;OECD.ELS.HD:DSD_SHA@DF_SHA(1.0);DE;Germany;PT_B1GQ;Percentage of GDP;2021;11,052
DE_2022;OECD.ELS.HD:DSD_SHA@DF_SHA(1.0);DE;Germany;PT_B1GQ;Percentage of GDP;2022;10,947
EE_2012;OECD.ELS.HD:DSD_SHA@DF_SHA(1.0);EE;Estonia;PT_EXP_HLTH;Percentage of expenditure on health;2012;75,646
EE_2013;OECD.ELS.HD:DSD_SHA@DF_SHA(1.0);EE;Estonia;PT_EXP_HLTH;Percentage of expenditure on health;2013;74,592
EE_2014;OECD.ELS.HD:DSD_SHA@DF_SHA(1.0);EE;Estonia;PT_EXP_HLTH;Percentage of expenditure on health;2014;74,814
EE_2015;OECD.ELS.HD:DSD_SHA@DF_SHA(1.0);EE;Estonia;PT_EXP_HLTH;Percentage of expenditure on health;2015;74,692
EE_2016;OECD.ELS.HD:DSD_SHA@DF_SHA(1.0);EE;Estonia;PT_EXP_HLTH;Percentage of expenditure on health;2016;74,646
EE_2017;OECD.ELS.HD:DSD_SHA@DF_SHA(1.0);EE;Estonia;PT_EXP_HLTH;Percentage of expenditure on health;2017;73,573
EE_2018;OECD.ELS.HD:DSD_SHA@DF_SHA(1.0);EE;Estonia;PT_EXP_HLTH;Percentage of expenditure on health;2018;73,675
EE_2019;OECD.ELS.HD:DSD_SHA@DF_SHA(1.0);EE;Estonia;PT_EXP_HLTH;Percentage of expenditure on health;2019;74,445
EE_2020;OECD.ELS.HD:DSD_SHA@DF_SHA(1.0);EE;Estonia;PT_EXP_HLTH;Percentage of expenditure on health;2020;77,103
EE_2021;OECD.ELS.HD:DSD_SHA@DF_SHA(1.0);EE;Estonia;PT_EXP_HLTH;Percentage of expenditure on health;2021;76,24
EE_2022;OECD.ELS.HD:DSD_SHA@DF_SHA(1.0);EE;Estonia;PT_EXP_HLTH;Percentage of expenditure on health;2022;75,94
DE_2012;OECD.ELS.HD:DSD_SHA@DF_SHA(1.0);DE;Germany;PT_EXP_HLTH;Percentage of expenditure on health;2012;82,975
DE_2013;OECD.ELS.HD:DSD_SHA@DF_SHA(1.0);DE;Germany;PT_EXP_HLTH;Percentage of expenditure on health;2013;83,83
DE_2014;OECD.ELS.HD:DSD_SHA@DF_SHA(1.0);DE;Germany;PT_EXP_HLTH;Percentage of expenditure on health;2014;84,209
DE_2015;OECD.ELS.HD:DSD_SHA@DF_SHA(1.0);DE;Germany;PT_EXP_HLTH;Percentage of expenditure on health;2015;84,186
DE_2016;OECD.ELS.HD:DSD_SHA@DF_SHA(1.0);DE;Germany;PT_EXP_HLTH;Percentage of expenditure on health;2016;84,353
DE_2017;OECD.ELS.HD:DSD_SHA@DF_SHA(1.0);DE;Germany;PT_EXP_HLTH;Percentage of expenditure on health;2017;84,387
DE_2018;OECD.ELS.HD:DSD_SHA@DF_SHA(1.0);DE;Germany;PT_EXP_HLTH;Percentage of expenditure on health;2018;84,117
DE_2019;OECD.ELS.HD:DSD_SHA@DF_SHA(1.0);DE;Germany;PT_EXP_HLTH;Percentage of expenditure on health;2019;83,977
DE_2020;OECD.ELS.HD:DSD_SHA@DF_SHA(1.0);DE;Germany;PT_EXP_HLTH;Percentage of expenditure on health;2020;85,098
DE_2021;OECD.ELS.HD:DSD_SHA@DF_SHA(1.0);DE;Germany;PT_EXP_HLTH;Percentage of expenditure on health;2021;85,452
DE_2022;OECD.ELS.HD:DSD_SHA@DF_SHA(1.0);DE;Germany;PT_EXP_HLTH;Percentage of expenditure on health;2022;86,502
IT_2012;OECD.ELS.HD:DSD_SHA@DF_SHA(1.0);IT;Italy;PT_B1GQ;Percentage of GDP;2012;6,665
IT_2013;OECD.ELS.HD:DSD_SHA@DF_SHA(1.0);IT;Italy;PT_B1GQ;Percentage of GDP;2013;6,648
IT_2014;OECD.ELS.HD:DSD_SHA@DF_SHA(1.0);IT;Italy;PT_B1GQ;Percentage of GDP;2014;6,689
IT_2015;OECD.ELS.HD:DSD_SHA@DF_SHA(1.0);IT;Italy;PT_B1GQ;Percentage of GDP;2015;6,593
IT_2016;OECD.ELS.HD:DSD_SHA@DF_SHA(1.0);IT;Italy;PT_B1GQ;Percentage of GDP;2016;6,492
IT_2017;OECD.ELS.HD:DSD_SHA@DF_SHA(1.0);IT;Italy;PT_B1GQ;Percentage of GDP;2017;6,399
IT_2018;OECD.ELS.HD:DSD_SHA@DF_SHA(1.0);IT;Italy;PT_B1GQ;Percentage of GDP;2018;6,413
IT_2019;OECD.ELS.HD:DSD_SHA@DF_SHA(1.0);IT;Italy;PT_B1GQ;Percentage of GDP;2019;6,384
IT_2020;OECD.ELS.HD:DSD_SHA@DF_SHA(1.0);IT;Italy;PT_B1GQ;Percentage of GDP;2020;7,308
IT_2021;OECD.ELS.HD:DSD_SHA@DF_SHA(1.0);IT;Italy;PT_B1GQ;Percentage of GDP;2021;7,082
IT_2022;OECD.ELS.HD:DSD_SHA@DF_SHA(1.0);IT;Italy;PT_B1GQ;Percentage of GDP;2022;6,828
LU_2012;OECD.ELS.HD:DSD_SHA@DF_SHA(1.0);LU;Luxembourg;PT_EXP_HLTH;Percentage of expenditure on health;2012;82,849
LU_2013;OECD.ELS.HD:DSD_SHA@DF_SHA(1.0);LU;Luxembourg;PT_EXP_HLTH;Percentage of expenditure on health;2013;83,091
LU_2014;OECD.ELS.HD:DSD_SHA@DF_SHA(1.0);LU;Luxembourg;PT_EXP_HLTH;Percentage of expenditure on health;2014;83,476
LU_2015;OECD.ELS.HD:DSD_SHA@DF_SHA(1.0);LU;Luxembourg;PT_EXP_HLTH;Percentage of expenditure on health;2015;83,659
LU_2016;OECD.ELS.HD:DSD_SHA@DF_SHA(1.0);LU;Luxembourg;PT_EXP_HLTH;Percentage of expenditure on health;2016;83,608
LU_2017;OECD.ELS.HD:DSD_SHA@DF_SHA(1.0);LU;Luxembourg;PT_EXP_HLTH;Percentage of expenditure on health;2017;83,952
LU_2018;OECD.ELS.HD:DSD_SHA@DF_SHA(1.0);LU;Luxembourg;PT_EXP_HLTH;Percentage of expenditure on health;2018;84,076
LU_2019;OECD.ELS.HD:DSD_SHA@DF_SHA(1.0);LU;Luxembourg;PT_EXP_HLTH;Percentage of expenditure on health;2019;84,96
LU_2020;OECD.ELS.HD:DSD_SHA@DF_SHA(1.0);LU;Luxembourg;PT_EXP_HLTH;Percentage of expenditure on health;2020;86,493
LU_2021;OECD.ELS.HD:DSD_SHA@DF_SHA(1.0);LU;Luxembourg;PT_EXP_HLTH;Percentage of expenditure on health;2021;86,034
LU_2022;OECD.ELS.HD:DSD_SHA@DF_SHA(1.0);LU;Luxembourg;PT_EXP_HLTH;Percentage of expenditure on health;2022;85,875
FR_2012;OECD.ELS.HD:DSD_SHA@DF_SHA(1.0);FR;France;PT_EXP_HLTH;Percentage of expenditure on health;2012;76,088
FR_2013;OECD.ELS.HD:DSD_SHA@DF_SHA(1.0);FR;France;PT_EXP_HLTH;Percentage of expenditure on health;2013;76,161
FR_2014;OECD.ELS.HD:DSD_SHA@DF_SHA(1.0);FR;France;PT_EXP_HLTH;Percentage of expenditure on health;2014;76,373
FR_2015;OECD.ELS.HD:DSD_SHA@DF_SHA(1.0);FR;France;PT_EXP_HLTH;Percentage of expenditure on health;2015;76,582
FR_2016;OECD.ELS.HD:DSD_SHA@DF_SHA(1.0);FR;France;PT_EXP_HLTH;Percentage of expenditure on health;2016;82,981
FR_2017;OECD.ELS.HD:DSD_SHA@DF_SHA(1.0);FR;France;PT_EXP_HLTH;Percentage of expenditure on health;2017;83,092
FR_2018;OECD.ELS.HD:DSD_SHA@DF_SHA(1.0);FR;France;PT_EXP_HLTH;Percentage of expenditure on health;2018;83,354
FR_2019;OECD.ELS.HD:DSD_SHA@DF_SHA(1.0);FR;France;PT_EXP_HLTH;Percentage of expenditure on health;2019;83,557
FR_2020;OECD.ELS.HD:DSD_SHA@DF_SHA(1.0);FR;France;PT_EXP_HLTH;Percentage of expenditure on health;2020;84,799
FR_2021;OECD.ELS.HD:DSD_SHA@DF_SHA(1.0);FR;France;PT_EXP_HLTH;Percentage of expenditure on health;2021;84,806
FR_2022;OECD.ELS.HD:DSD_SHA@DF_SHA(1.0);FR;France;PT_EXP_HLTH;Percentage of expenditure on health;2022;84,806
PL_2012;OECD.ELS.HD:DSD_SHA@DF_SHA(1.0);PL;Poland;PT_EXP_HLTH;Percentage of expenditure on health;2012;70,041
PL_2013;OECD.ELS.HD:DSD_SHA@DF_SHA(1.0);PL;Poland;PT_EXP_HLTH;Percentage of expenditure on health;2013;70,658
PL_2014;OECD.ELS.HD:DSD_SHA@DF_SHA(1.0);PL;Poland;PT_EXP_HLTH;Percentage of expenditure on health;2014;70,659
PL_2015;OECD.ELS.HD:DSD_SHA@DF_SHA(1.0);PL;Poland;PT_EXP_HLTH;Percentage of expenditure on health;2015;69,744
PL_2016;OECD.ELS.HD:DSD_SHA@DF_SHA(1.0);PL;Poland;PT_EXP_HLTH;Percentage of expenditure on health;2016;69,321
PL_2017;OECD.ELS.HD:DSD_SHA@DF_SHA(1.0);PL;Poland;PT_EXP_HLTH;Percentage of expenditure on health;2017;69,288
PL_2018;OECD.ELS.HD:DSD_SHA@DF_SHA(1.0);PL;Poland;PT_EXP_HLTH;Percentage of expenditure on health;2018;71,494
PL_2019;OECD.ELS.HD:DSD_SHA@DF_SHA(1.0);PL;Poland;PT_EXP_HLTH;Percentage of expenditure on health;2019;71,777
PL_2020;OECD.ELS.HD:DSD_SHA@DF_SHA(1.0);PL;Poland;PT_EXP_HLTH;Percentage of expenditure on health;2020;72,266
PL_2021;OECD.ELS.HD:DSD_SHA@DF_SHA(1.0);PL;Poland;PT_EXP_HLTH;Percentage of expenditure on health;2021;72,464
PL_2022;OECD.ELS.HD:DSD_SHA@DF_SHA(1.0);PL;Poland;PT_EXP_HLTH;Percentage of expenditure on health;2022;74,896
FI_2012;OECD.ELS.HD:DSD_SHA@DF_SHA(1.0);FI;Finland;PT_B1GQ;Percentage of GDP;2012;7,495
FI_2013;OECD.ELS.HD:DSD_SHA@DF_SHA(1.0);FI;Finland;PT_B1GQ;Percentage of GDP;2013;7,643
FI_2014;OECD.ELS.HD:DSD_SHA@DF_SHA(1.0);FI;Finland;PT_B1GQ;Percentage of GDP;2014;7,631
FI_2015;OECD.ELS.HD:DSD_SHA@DF_SHA(1.0);FI;Finland;PT_B1GQ;Percentage of GDP;2015;7,421
FI_2016;OECD.ELS.HD:DSD_SHA@DF_SHA(1.0);FI;Finland;PT_B1GQ;Percentage of GDP;2016;7,148
FI_2017;OECD.ELS.HD:DSD_SHA@DF_SHA(1.0);FI;Finland;PT_B1GQ;Percentage of GDP;2017;6,974
FI_2018;OECD.ELS.HD:DSD_SHA@DF_SHA(1.0);FI;Finland;PT_B1GQ;Percentage of GDP;2018;6,959
FI_2019;OECD.ELS.HD:DSD_SHA@DF_SHA(1.0);FI;Finland;PT_B1GQ;Percentage of GDP;2019;7,142
FI_2020;OECD.ELS.HD:DSD_SHA@DF_SHA(1.0);FI;Finland;PT_B1GQ;Percentage of GDP;2020;7,615
FI_2021;OECD.ELS.HD:DSD_SHA@DF_SHA(1.0);FI;Finland;PT_B1GQ;Percentage of GDP;2021;8,178
FI_2022;OECD.ELS.HD:DSD_SHA@DF_SHA(1.0);FI;Finland;PT_B1GQ;Percentage of GDP;2022;8,026
EE_2012;OECD.ELS.HD:DSD_SHA@DF_SHA(1.0);EE;Estonia;PT_B1GQ;Percentage of GDP;2012;4,611
EE_2013;OECD.ELS.HD:DSD_SHA@DF_SHA(1.0);EE;Estonia;PT_B1GQ;Percentage of GDP;2013;4,685
EE_2014;OECD.ELS.HD:DSD_SHA@DF_SHA(1.0);EE;Estonia;PT_B1GQ;Percentage of GDP;2014;4,76
EE_2015;OECD.ELS.HD:DSD_SHA@DF_SHA(1.0);EE;Estonia;PT_B1GQ;Percentage of GDP;2015;4,961
EE_2016;OECD.ELS.HD:DSD_SHA@DF_SHA(1.0);EE;Estonia;PT_B1GQ;Percentage of GDP;2016;5,003
EE_2017;OECD.ELS.HD:DSD_SHA@DF_SHA(1.0);EE;Estonia;PT_B1GQ;Percentage of GDP;2017;4,854
EE_2018;OECD.ELS.HD:DSD_SHA@DF_SHA(1.0);EE;Estonia;PT_B1GQ;Percentage of GDP;2018;4,93
EE_2019;OECD.ELS.HD:DSD_SHA@DF_SHA(1.0);EE;Estonia;PT_B1GQ;Percentage of GDP;2019;5,075
EE_2020;OECD.ELS.HD:DSD_SHA@DF_SHA(1.0);EE;Estonia;PT_B1GQ;Percentage of GDP;2020;5,844
EE_2021;OECD.ELS.HD:DSD_SHA@DF_SHA(1.0);EE;Estonia;PT_B1GQ;Percentage of GDP;2021;5,711
EE_2022;OECD.ELS.HD:DSD_SHA@DF_SHA(1.0);EE;Estonia;PT_B1GQ;Percentage of GDP;2022;5,273
PL_2012;OECD.ELS.HD:DSD_SHA@DF_SHA(1.0);PL;Poland;PT_B1GQ;Percentage of GDP;2012;4,388
PL_2013;OECD.ELS.HD:DSD_SHA@DF_SHA(1.0);PL;Poland;PT_B1GQ;Percentage of GDP;2013;4,579
PL_2014;OECD.ELS.HD:DSD_SHA@DF_SHA(1.0);PL;Poland;PT_B1GQ;Percentage of GDP;2014;4,465
PL_2015;OECD.ELS.HD:DSD_SHA@DF_SHA(1.0);PL;Poland;PT_B1GQ;Percentage of GDP;2015;4,467
PL_2016;OECD.ELS.HD:DSD_SHA@DF_SHA(1.0);PL;Poland;PT_B1GQ;Percentage of GDP;2016;4,555
PL_2017;OECD.ELS.HD:DSD_SHA@DF_SHA(1.0);PL;Poland;PT_B1GQ;Percentage of GDP;2017;4,562
PL_2018;OECD.ELS.HD:DSD_SHA@DF_SHA(1.0);PL;Poland;PT_B1GQ;Percentage of GDP;2018;4,513
PL_2019;OECD.ELS.HD:DSD_SHA@DF_SHA(1.0);PL;Poland;PT_B1GQ;Percentage of GDP;2019;4,637
PL_2020;OECD.ELS.HD:DSD_SHA@DF_SHA(1.0);PL;Poland;PT_B1GQ;Percentage of GDP;2020;4,695
PL_2021;OECD.ELS.HD:DSD_SHA@DF_SHA(1.0);PL;Poland;PT_B1GQ;Percentage of GDP;2021;4,666
PL_2022;OECD.ELS.HD:DSD_SHA@DF_SHA(1.0);PL;Poland;PT_B1GQ;Percentage of GDP;2022;5,001
CH_2012;OECD.ELS.HD:DSD_SHA@DF_SHA(1.0);CH;Switzerland;PT_B1GQ;Percentage of GDP;2012;6,672
CH_2013;OECD.ELS.HD:DSD_SHA@DF_SHA(1.0);CH;Switzerland;PT_B1GQ;Percentage of GDP;2013;6,796
CH_2014;OECD.ELS.HD:DSD_SHA@DF_SHA(1.0);CH;Switzerland;PT_B1GQ;Percentage of GDP;2014;6,851
CH_2015;OECD.ELS.HD:DSD_SHA@DF_SHA(1.0);CH;Switzerland;PT_B1GQ;Percentage of GDP;2015;7,126
CH_2016;OECD.ELS.HD:DSD_SHA@DF_SHA(1.0);CH;Switzerland;PT_B1GQ;Percentage of GDP;2016;7,322
CH_2017;OECD.ELS.HD:DSD_SHA@DF_SHA(1.0);CH;Switzerland;PT_B1GQ;Percentage of GDP;2017;7,381
CH_2018;OECD.ELS.HD:DSD_SHA@DF_SHA(1.0);CH;Switzerland;PT_B1GQ;Percentage of GDP;2018;7,125
CH_2019;OECD.ELS.HD:DSD_SHA@DF_SHA(1.0);CH;Switzerland;PT_B1GQ;Percentage of GDP;2019;7,328
CH_2020;OECD.ELS.HD:DSD_SHA@DF_SHA(1.0);CH;Switzerland;PT_B1GQ;Percentage of GDP;2020;7,936
CH_2021;OECD.ELS.HD:DSD_SHA@DF_SHA(1.0);CH;Switzerland;PT_B1GQ;Percentage of GDP;2021;7,993
CH_2022;OECD.ELS.HD:DSD_SHA@DF_SHA(1.0);CH;Switzerland;PT_B1GQ;Percentage of GDP;2022;7,815
AT_2012;OECD.ELS.HD:DSD_SHA@DF_SHA(1.0);AT;Austria;PT_EXP_HLTH;Percentage of expenditure on health;2012;74,678
AT_2013;OECD.ELS.HD:DSD_SHA@DF_SHA(1.0);AT;Austria;PT_EXP_HLTH;Percentage of expenditure on health;2013;74,006
AT_2014;OECD.ELS.HD:DSD_SHA@DF_SHA(1.0);AT;Austria;PT_EXP_HLTH;Percentage of expenditure on health;2014;74,011
AT_2015;OECD.ELS.HD:DSD_SHA@DF_SHA(1.0);AT;Austria;PT_EXP_HLTH;Percentage of expenditure on health;2015;74,058
AT_2016;OECD.ELS.HD:DSD_SHA@DF_SHA(1.0);AT;Austria;PT_EXP_HLTH;Percentage of expenditure on health;2016;73,961
AT_2017;OECD.ELS.HD:DSD_SHA@DF_SHA(1.0);AT;Austria;PT_EXP_HLTH;Percentage of expenditure on health;2017;74,019
AT_2018;OECD.ELS.HD:DSD_SHA@DF_SHA(1.0);AT;Austria;PT_EXP_HLTH;Percentage of expenditure on health;2018;74,669
AT_2019;OECD.ELS.HD:DSD_SHA@DF_SHA(1.0);AT;Austria;PT_EXP_HLTH;Percentage of expenditure on health;2019;75,066
AT_2020;OECD.ELS.HD:DSD_SHA@DF_SHA(1.0);AT;Austria;PT_EXP_HLTH;Percentage of expenditure on health;2020;76,825
AT_2021;OECD.ELS.HD:DSD_SHA@DF_SHA(1.0);AT;Austria;PT_EXP_HLTH;Percentage of expenditure on health;2021;78,342
AT_2022;OECD.ELS.HD:DSD_SHA@DF_SHA(1.0);AT;Austria;PT_EXP_HLTH;Percentage of expenditure on health;2022;77,848
BG_2012;OECD.ELS.HD:DSD_SHA@DF_SHA(1.0);BG;Bulgaria;PT_EXP_HLTH;Percentage of expenditure on health;2012;51,005
BG_2013;OECD.ELS.HD:DSD_SHA@DF_SHA(1.0);BG;Bulgaria;PT_EXP_HLTH;Percentage of expenditure on health;2013;56,793
BG_2014;OECD.ELS.HD:DSD_SHA@DF_SHA(1.0);BG;Bulgaria;PT_EXP_HLTH;Percentage of expenditure on health;2014;58,48
BG_2015;OECD.ELS.HD:DSD_SHA@DF_SHA(1.0);BG;Bulgaria;PT_EXP_HLTH;Percentage of expenditure on health;2015;56,125
BG_2016;OECD.ELS.HD:DSD_SHA@DF_SHA(1.0);BG;Bulgaria;PT_EXP_HLTH;Percentage of expenditure on health;2016;55,356
BG_2017;OECD.ELS.HD:DSD_SHA@DF_SHA(1.0);BG;Bulgaria;PT_EXP_HLTH;Percentage of expenditure on health;2017;56,348
BG_2018;OECD.ELS.HD:DSD_SHA@DF_SHA(1.0);BG;Bulgaria;PT_EXP_HLTH;Percentage of expenditure on health;2018;59,08
BG_2019;OECD.ELS.HD:DSD_SHA@DF_SHA(1.0);BG;Bulgaria;PT_EXP_HLTH;Percentage of expenditure on health;2019;60,59
BG_2020;OECD.ELS.HD:DSD_SHA@DF_SHA(1.0);BG;Bulgaria;PT_EXP_HLTH;Percentage of expenditure on health;2020;63,115
BG_2021;OECD.ELS.HD:DSD_SHA@DF_SHA(1.0);BG;Bulgaria;PT_EXP_HLTH;Percentage of expenditure on health;2021;64,702
DK_2012;OECD.ELS.HD:DSD_SHA@DF_SHA(1.0);DK;Denmark;PT_EXP_HLTH;Percentage of expenditure on health;2012;84,343
DK_2013;OECD.ELS.HD:DSD_SHA@DF_SHA(1.0);DK;Denmark;PT_EXP_HLTH;Percentage of expenditure on health;2013;84,433
DK_2014;OECD.ELS.HD:DSD_SHA@DF_SHA(1.0);DK;Denmark;PT_EXP_HLTH;Percentage of expenditure on health;2014;84,418
DK_2015;OECD.ELS.HD:DSD_SHA@DF_SHA(1.0);DK;Denmark;PT_EXP_HLTH;Percentage of expenditure on health;2015;84,231
DK_2016;OECD.ELS.HD:DSD_SHA@DF_SHA(1.0);DK;Denmark;PT_EXP_HLTH;Percentage of expenditure on health;2016;84,159
DK_2017;OECD.ELS.HD:DSD_SHA@DF_SHA(1.0);DK;Denmark;PT_EXP_HLTH;Percentage of expenditure on health;2017;83,957
DK_2018;OECD.ELS.HD:DSD_SHA@DF_SHA(1.0);DK;Denmark;PT_EXP_HLTH;Percentage of expenditure on health;2018;83,75
DK_2019;OECD.ELS.HD:DSD_SHA@DF_SHA(1.0);DK;Denmark;PT_EXP_HLTH;Percentage of expenditure on health;2019;83,709
DK_2020;OECD.ELS.HD:DSD_SHA@DF_SHA(1.0);DK;Denmark;PT_EXP_HLTH;Percentage of expenditure on health;2020;84,756
DK_2021;OECD.ELS.HD:DSD_SHA@DF_SHA(1.0);DK;Denmark;PT_EXP_HLTH;Percentage of expenditure on health;2021;85,206
DK_2022;OECD.ELS.HD:DSD_SHA@DF_SHA(1.0);DK;Denmark;PT_EXP_HLTH;Percentage of expenditure on health;2022;84,781
LT_2012;OECD.ELS.HD:DSD_SHA@DF_SHA(1.0);LT;Lithuania;PT_EXP_HLTH;Percentage of expenditure on health;2012;67,323
LT_2013;OECD.ELS.HD:DSD_SHA@DF_SHA(1.0);LT;Lithuania;PT_EXP_HLTH;Percentage of expenditure on health;2013;66,249
LT_2014;OECD.ELS.HD:DSD_SHA@DF_SHA(1.0);LT;Lithuania;PT_EXP_HLTH;Percentage of expenditure on health;2014;67,561
LT_2015;OECD.ELS.HD:DSD_SHA@DF_SHA(1.0);LT;Lithuania;PT_EXP_HLTH;Percentage of expenditure on health;2015;67,14
LT_2016;OECD.ELS.HD:DSD_SHA@DF_SHA(1.0);LT;Lithuania;PT_EXP_HLTH;Percentage of expenditure on health;2016;66,596
LT_2017;OECD.ELS.HD:DSD_SHA@DF_SHA(1.0);LT;Lithuania;PT_EXP_HLTH;Percentage of expenditure on health;2017;66,137
LT_2018;OECD.ELS.HD:DSD_SHA@DF_SHA(1.0);LT;Lithuania;PT_EXP_HLTH;Percentage of expenditure on health;2018;67,175
LT_2019;OECD.ELS.HD:DSD_SHA@DF_SHA(1.0);LT;Lithuania;PT_EXP_HLTH;Percentage of expenditure on health;2019;66,382
LT_2020;OECD.ELS.HD:DSD_SHA@DF_SHA(1.0);LT;Lithuania;PT_EXP_HLTH;Percentage of expenditure on health;2020;70,165
LT_2021;OECD.ELS.HD:DSD_SHA@DF_SHA(1.0);LT;Lithuania;PT_EXP_HLTH;Percentage of expenditure on health;2021;68,555
LT_2022;OECD.ELS.HD:DSD_SHA@DF_SHA(1.0);LT;Lithuania;PT_EXP_HLTH;Percentage of expenditure on health;2022;68,555
NL_2012;OECD.ELS.HD:DSD_SHA@DF_SHA(1.0);NL;Netherlands;PT_EXP_HLTH;Percentage of expenditure on health;2012;82,112
NL_2013;OECD.ELS.HD:DSD_SHA@DF_SHA(1.0);NL;Netherlands;PT_EXP_HLTH;Percentage of expenditure on health;2013;81,146
NL_2014;OECD.ELS.HD:DSD_SHA@DF_SHA(1.0);NL;Netherlands;PT_EXP_HLTH;Percentage of expenditure on health;2014;81,081
NL_2015;OECD.ELS.HD:DSD_SHA@DF_SHA(1.0);NL;Netherlands;PT_EXP_HLTH;Percentage of expenditure on health;2015;81,38
NL_2016;OECD.ELS.HD:DSD_SHA@DF_SHA(1.0);NL;Netherlands;PT_EXP_HLTH;Percentage of expenditure on health;2016;81,188
NL_2017;OECD.ELS.HD:DSD_SHA@DF_SHA(1.0);NL;Netherlands;PT_EXP_HLTH;Percentage of expenditure on health;2017;81,688
NL_2018;OECD.ELS.HD:DSD_SHA@DF_SHA(1.0);NL;Netherlands;PT_EXP_HLTH;Percentage of expenditure on health;2018;82,105
NL_2019;OECD.ELS.HD:DSD_SHA@DF_SHA(1.0);NL;Netherlands;PT_EXP_HLTH;Percentage of expenditure on health;2019;82,801
NL_2020;OECD.ELS.HD:DSD_SHA@DF_SHA(1.0);NL;Netherlands;PT_EXP_HLTH;Percentage of expenditure on health;2020;84,947
NL_2021;OECD.ELS.HD:DSD_SHA@DF_SHA(1.0);NL;Netherlands;PT_EXP_HLTH;Percentage of expenditure on health;2021;84,905
NL_2022;OECD.ELS.HD:DSD_SHA@DF_SHA(1.0);NL;Netherlands;PT_EXP_HLTH;Percentage of expenditure on health;2022;84,292
CZ_2012;OECD.ELS.HD:DSD_SHA@DF_SHA(1.0);CZ;Czechia;PT_B1GQ;Percentage of GDP;2012;6,452
CZ_2013;OECD.ELS.HD:DSD_SHA@DF_SHA(1.0);CZ;Czechia;PT_B1GQ;Percentage of GDP;2013;6,356
CZ_2014;OECD.ELS.HD:DSD_SHA@DF_SHA(1.0);CZ;Czechia;PT_B1GQ;Percentage of GDP;2014;6,404
CZ_2015;OECD.ELS.HD:DSD_SHA@DF_SHA(1.0);CZ;Czechia;PT_B1GQ;Percentage of GDP;2015;6,213
CZ_2016;OECD.ELS.HD:DSD_SHA@DF_SHA(1.0);CZ;Czechia;PT_B1GQ;Percentage of GDP;2016;6,273
CZ_2017;OECD.ELS.HD:DSD_SHA@DF_SHA(1.0);CZ;Czechia;PT_B1GQ;Percentage of GDP;2017;6,228
CZ_2018;OECD.ELS.HD:DSD_SHA@DF_SHA(1.0);CZ;Czechia;PT_B1GQ;Percentage of GDP;2018;6,341
CZ_2019;OECD.ELS.HD:DSD_SHA@DF_SHA(1.0);CZ;Czechia;PT_B1GQ;Percentage of GDP;2019;6,462
CZ_2020;OECD.ELS.HD:DSD_SHA@DF_SHA(1.0);CZ;Czechia;PT_B1GQ;Percentage of GDP;2020;8,081
CZ_2021;OECD.ELS.HD:DSD_SHA@DF_SHA(1.0);CZ;Czechia;PT_B1GQ;Percentage of GDP;2021;8,2
CZ_2022;OECD.ELS.HD:DSD_SHA@DF_SHA(1.0);CZ;Czechia;PT_B1GQ;Percentage of GDP;2022;7,799
IL_2012;OECD.ELS.HD:DSD_SHA@DF_SHA(1.0);IL;Israel;PT_B1GQ;Percentage of GDP;2012;4,368
IL_2013;OECD.ELS.HD:DSD_SHA@DF_SHA(1.0);IL;Israel;PT_B1GQ;Percentage of GDP;2013;4,413
IL_2014;OECD.ELS.HD:DSD_SHA@DF_SHA(1.0);IL;Israel;PT_B1GQ;Percentage of GDP;2014;4,448
IL_2015;OECD.ELS.HD:DSD_SHA@DF_SHA(1.0);IL;Israel;PT_B1GQ;Percentage of GDP;2015;4,453
IL_2016;OECD.ELS.HD:DSD_SHA@DF_SHA(1.0);IL;Israel;PT_B1GQ;Percentage of GDP;2016;4,493
IL_2017;OECD.ELS.HD:DSD_SHA@DF_SHA(1.0);IL;Israel;PT_B1GQ;Percentage of GDP;2017;4,584
IL_2018;OECD.ELS.HD:DSD_SHA@DF_SHA(1.0);IL;Israel;PT_B1GQ;Percentage of GDP;2018;4,674
IL_2019;OECD.ELS.HD:DSD_SHA@DF_SHA(1.0);IL;Israel;PT_B1GQ;Percentage of GDP;2019;4,65
IL_2020;OECD.ELS.HD:DSD_SHA@DF_SHA(1.0);IL;Israel;PT_B1GQ;Percentage of GDP;2020;5,256
IL_2021;OECD.ELS.HD:DSD_SHA@DF_SHA(1.0);IL;Israel;PT_B1GQ;Percentage of GDP;2021;5,389
IL_2022;OECD.ELS.HD:DSD_SHA@DF_SHA(1.0);IL;Israel;PT_B1GQ;Percentage of GDP;2022;5,089
GM_2012;OECD.ELS.HD:DSD_SHA@DF_SHA(1.0);GM;United Kingdom;PT_EXP_HLTH;Percentage of expenditure on health;2012;81,479
GM_2013;OECD.ELS.HD:DSD_SHA@DF_SHA(1.0);GM;United Kingdom;PT_EXP_HLTH;Percentage of expenditure on health;2013;80,087
GM_2014;OECD.ELS.HD:DSD_SHA@DF_SHA(1.0);GM;United Kingdom;PT_EXP_HLTH;Percentage of expenditure on health;2014;80,18
GM_2015;OECD.ELS.HD:DSD_SHA@DF_SHA(1.0);GM;United Kingdom;PT_EXP_HLTH;Percentage of expenditure on health;2015;80,151
GM_2016;OECD.ELS.HD:DSD_SHA@DF_SHA(1.0);GM;United Kingdom;PT_EXP_HLTH;Percentage of expenditure on health;2016;80,577
GM_2017;OECD.ELS.HD:DSD_SHA@DF_SHA(1.0);GM;United Kingdom;PT_EXP_HLTH;Percentage of expenditure on health;2017;79,99
GM_2018;OECD.ELS.HD:DSD_SHA@DF_SHA(1.0);GM;United Kingdom;PT_EXP_HLTH;Percentage of expenditure on health;2018;79,325
GM_2019;OECD.ELS.HD:DSD_SHA@DF_SHA(1.0);GM;United Kingdom;PT_EXP_HLTH;Percentage of expenditure on health;2019;79,286
GM_2020;OECD.ELS.HD:DSD_SHA@DF_SHA(1.0);GM;United Kingdom;PT_EXP_HLTH;Percentage of expenditure on health;2020;83,069
GM_2021;OECD.ELS.HD:DSD_SHA@DF_SHA(1.0);GM;United Kingdom;PT_EXP_HLTH;Percentage of expenditure on health;2021;83,026
GM_2022;OECD.ELS.HD:DSD_SHA@DF_SHA(1.0);GM;United Kingdom;PT_EXP_HLTH;Percentage of expenditure on health;2022;81,545
MT_2012;OECD.ELS.HD:DSD_SHA@DF_SHA(1.0);MT;Malta;PT_EXP_HLTH;Percentage of expenditure on health;2012;62,755
MT_2013;OECD.ELS.HD:DSD_SHA@DF_SHA(1.0);MT;Malta;PT_EXP_HLTH;Percentage of expenditure on health;2013;62,571
MT_2014;OECD.ELS.HD:DSD_SHA@DF_SHA(1.0);MT;Malta;PT_EXP_HLTH;Percentage of expenditure on health;2014;61,321
MT_2015;OECD.ELS.HD:DSD_SHA@DF_SHA(1.0);MT;Malta;PT_EXP_HLTH;Percentage of expenditure on health;2015;60,569
MT_2016;OECD.ELS.HD:DSD_SHA@DF_SHA(1.0);MT;Malta;PT_EXP_HLTH;Percentage of expenditure on health;2016;63,028
MT_2017;OECD.ELS.HD:DSD_SHA@DF_SHA(1.0);MT;Malta;PT_EXP_HLTH;Percentage of expenditure on health;2017;62,897
MT_2018;OECD.ELS.HD:DSD_SHA@DF_SHA(1.0);MT;Malta;PT_EXP_HLTH;Percentage of expenditure on health;2018;63,478
MT_2019;OECD.ELS.HD:DSD_SHA@DF_SHA(1.0);MT;Malta;PT_EXP_HLTH;Percentage of expenditure on health;2019;62,51
MT_2020;OECD.ELS.HD:DSD_SHA@DF_SHA(1.0);MT;Malta;PT_EXP_HLTH;Percentage of expenditure on health;2020;66,692
PT_2012;OECD.ELS.HD:DSD_SHA@DF_SHA(1.0);PT;Portugal;PT_EXP_HLTH;Percentage of expenditure on health;2012;61,335
PT_2013;OECD.ELS.HD:DSD_SHA@DF_SHA(1.0);PT;Portugal;PT_EXP_HLTH;Percentage of expenditure on health;2013;62,345
PT_2014;OECD.ELS.HD:DSD_SHA@DF_SHA(1.0);PT;Portugal;PT_EXP_HLTH;Percentage of expenditure on health;2014;61,8
PT_2015;OECD.ELS.HD:DSD_SHA@DF_SHA(1.0);PT;Portugal;PT_EXP_HLTH;Percentage of expenditure on health;2015;61,73
PT_2016;OECD.ELS.HD:DSD_SHA@DF_SHA(1.0);PT;Portugal;PT_EXP_HLTH;Percentage of expenditure on health;2016;61,664
PT_2017;OECD.ELS.HD:DSD_SHA@DF_SHA(1.0);PT;Portugal;PT_EXP_HLTH;Percentage of expenditure on health;2017;61,232
PT_2018;OECD.ELS.HD:DSD_SHA@DF_SHA(1.0);PT;Portugal;PT_EXP_HLTH;Percentage of expenditure on health;2018;61,228
PT_2019;OECD.ELS.HD:DSD_SHA@DF_SHA(1.0);PT;Portugal;PT_EXP_HLTH;Percentage of expenditure on health;2019;60,849
PT_2020;OECD.ELS.HD:DSD_SHA@DF_SHA(1.0);PT;Portugal;PT_EXP_HLTH;Percentage of expenditure on health;2020;64,297
PT_2021;OECD.ELS.HD:DSD_SHA@DF_SHA(1.0);PT;Portugal;PT_EXP_HLTH;Percentage of expenditure on health;2021;63,207
PT_2022;OECD.ELS.HD:DSD_SHA@DF_SHA(1.0);PT;Portugal;PT_EXP_HLTH;Percentage of expenditure on health;2022;63,441
RO_2012;OECD.ELS.HD:DSD_SHA@DF_SHA(1.0);RO;Romania;PT_EXP_HLTH;Percentage of expenditure on health;2012;76,922
RO_2013;OECD.ELS.HD:DSD_SHA@DF_SHA(1.0);RO;Romania;PT_EXP_HLTH;Percentage of expenditure on health;2013;79,339
RO_2014;OECD.ELS.HD:DSD_SHA@DF_SHA(1.0);RO;Romania;PT_EXP_HLTH;Percentage of expenditure on health;2014;78,996
RO_2015;OECD.ELS.HD:DSD_SHA@DF_SHA(1.0);RO;Romania;PT_EXP_HLTH;Percentage of expenditure on health;2015;78,022
RO_2016;OECD.ELS.HD:DSD_SHA@DF_SHA(1.0);RO;Romania;PT_EXP_HLTH;Percentage of expenditure on health;2016;78,328
RO_2017;OECD.ELS.HD:DSD_SHA@DF_SHA(1.0);RO;Romania;PT_EXP_HLTH;Percentage of expenditure on health;2017;78,652
RO_2018;OECD.ELS.HD:DSD_SHA@DF_SHA(1.0);RO;Romania;PT_EXP_HLTH;Percentage of expenditure on health;2018;79,731
RO_2019;OECD.ELS.HD:DSD_SHA@DF_SHA(1.0);RO;Romania;PT_EXP_HLTH;Percentage of expenditure on health;2019;80,446
RO_2020;OECD.ELS.HD:DSD_SHA@DF_SHA(1.0);RO;Romania;PT_EXP_HLTH;Percentage of expenditure on health;2020;80,271
RO_2021;OECD.ELS.HD:DSD_SHA@DF_SHA(1.0);RO;Romania;PT_EXP_HLTH;Percentage of expenditure on health;2021;78,333
HU_2012;OECD.ELS.HD:DSD_SHA@DF_SHA(1.0);HU;Hungary;PT_B1GQ;Percentage of GDP;2012;4,855
HU_2013;OECD.ELS.HD:DSD_SHA@DF_SHA(1.0);HU;Hungary;PT_B1GQ;Percentage of GDP;2013;4,82
HU_2014;OECD.ELS.HD:DSD_SHA@DF_SHA(1.0);HU;Hungary;PT_B1GQ;Percentage of GDP;2014;4,727
HU_2015;OECD.ELS.HD:DSD_SHA@DF_SHA(1.0);HU;Hungary;PT_B1GQ;Percentage of GDP;2015;4,672
HU_2016;OECD.ELS.HD:DSD_SHA@DF_SHA(1.0);HU;Hungary;PT_B1GQ;Percentage of GDP;2016;4,757
HU_2017;OECD.ELS.HD:DSD_SHA@DF_SHA(1.0);HU;Hungary;PT_B1GQ;Percentage of GDP;2017;4,647
HU_2018;OECD.ELS.HD:DSD_SHA@DF_SHA(1.0);HU;Hungary;PT_B1GQ;Percentage of GDP;2018;4,576
HU_2019;OECD.ELS.HD:DSD_SHA@DF_SHA(1.0);HU;Hungary;PT_B1GQ;Percentage of GDP;2019;4,314
HU_2020;OECD.ELS.HD:DSD_SHA@DF_SHA(1.0);HU;Hungary;PT_B1GQ;Percentage of GDP;2020;5,159
HU_2021;OECD.ELS.HD:DSD_SHA@DF_SHA(1.0);HU;Hungary;PT_B1GQ;Percentage of GDP;2021;5,344
HU_2022;OECD.ELS.HD:DSD_SHA@DF_SHA(1.0);HU;Hungary;PT_B1GQ;Percentage of GDP;2022;4,876
RO_2012;OECD.ELS.HD:DSD_SHA@DF_SHA(1.0);RO;Romania;PT_B1GQ;Percentage of GDP;2012;3,468
RO_2013;OECD.ELS.HD:DSD_SHA@DF_SHA(1.0);RO;Romania;PT_B1GQ;Percentage of GDP;2013;4,145
RO_2014;OECD.ELS.HD:DSD_SHA@DF_SHA(1.0);RO;Romania;PT_B1GQ;Percentage of GDP;2014;3,972
RO_2015;OECD.ELS.HD:DSD_SHA@DF_SHA(1.0);RO;Romania;PT_B1GQ;Percentage of GDP;2015;3,857
RO_2016;OECD.ELS.HD:DSD_SHA@DF_SHA(1.0);RO;Romania;PT_B1GQ;Percentage of GDP;2016;3,979
RO_2017;OECD.ELS.HD:DSD_SHA@DF_SHA(1.0);RO;Romania;PT_B1GQ;Percentage of GDP;2017;4,081
RO_2018;OECD.ELS.HD:DSD_SHA@DF_SHA(1.0);RO;Romania;PT_B1GQ;Percentage of GDP;2018;4,4
RO_2019;OECD.ELS.HD:DSD_SHA@DF_SHA(1.0);RO;Romania;PT_B1GQ;Percentage of GDP;2019;4,597
RO_2020;OECD.ELS.HD:DSD_SHA@DF_SHA(1.0);RO;Romania;PT_B1GQ;Percentage of GDP;2020;4,998
RO_2021;OECD.ELS.HD:DSD_SHA@DF_SHA(1.0);RO;Romania;PT_B1GQ;Percentage of GDP;2021;5,075
LT_2012;OECD.ELS.HD:DSD_SHA@DF_SHA(1.0);LT;Lithuania;PT_B1GQ;Percentage of GDP;2012;4,225
LT_2013;OECD.ELS.HD:DSD_SHA@DF_SHA(1.0);LT;Lithuania;PT_B1GQ;Percentage of GDP;2013;4,058
LT_2014;OECD.ELS.HD:DSD_SHA@DF_SHA(1.0);LT;Lithuania;PT_B1GQ;Percentage of GDP;2014;4,184
LT_2015;OECD.ELS.HD:DSD_SHA@DF_SHA(1.0);LT;Lithuania;PT_B1GQ;Percentage of GDP;2015;4,358
LT_2016;OECD.ELS.HD:DSD_SHA@DF_SHA(1.0);LT;Lithuania;PT_B1GQ;Percentage of GDP;2016;4,42
LT_2017;OECD.ELS.HD:DSD_SHA@DF_SHA(1.0);LT;Lithuania;PT_B1GQ;Percentage of GDP;2017;4,275
LT_2018;OECD.ELS.HD:DSD_SHA@DF_SHA(1.0);LT;Lithuania;PT_B1GQ;Percentage of GDP;2018;4,387
LT_2019;OECD.ELS.HD:DSD_SHA@DF_SHA(1.0);LT;Lithuania;PT_B1GQ;Percentage of GDP;2019;4,641
LT_2020;OECD.ELS.HD:DSD_SHA@DF_SHA(1.0);LT;Lithuania;PT_B1GQ;Percentage of GDP;2020;5,249
LT_2021;OECD.ELS.HD:DSD_SHA@DF_SHA(1.0);LT;Lithuania;PT_B1GQ;Percentage of GDP;2021;5,363
LT_2022;OECD.ELS.HD:DSD_SHA@DF_SHA(1.0);LT;Lithuania;PT_B1GQ;Percentage of GDP;2022;5,115
IS_2012;OECD.ELS.HD:DSD_SHA@DF_SHA(1.0);IS;Iceland;PT_B1GQ;Percentage of GDP;2012;6,538
IS_2013;OECD.ELS.HD:DSD_SHA@DF_SHA(1.0);IS;Iceland;PT_B1GQ;Percentage of GDP;2013;6,559
IS_2014;OECD.ELS.HD:DSD_SHA@DF_SHA(1.0);IS;Iceland;PT_B1GQ;Percentage of GDP;2014;6,624
IS_2015;OECD.ELS.HD:DSD_SHA@DF_SHA(1.0);IS;Iceland;PT_B1GQ;Percentage of GDP;2015;6,521
IS_2016;OECD.ELS.HD:DSD_SHA@DF_SHA(1.0);IS;Iceland;PT_B1GQ;Percentage of GDP;2016;6,6
IS_2017;OECD.ELS.HD:DSD_SHA@DF_SHA(1.0);IS;Iceland;PT_B1GQ;Percentage of GDP;2017;6,763
IS_2018;OECD.ELS.HD:DSD_SHA@DF_SHA(1.0);IS;Iceland;PT_B1GQ;Percentage of GDP;2018;6,902
IS_2019;OECD.ELS.HD:DSD_SHA@DF_SHA(1.0);IS;Iceland;PT_B1GQ;Percentage of GDP;2019;7,104
IS_2020;OECD.ELS.HD:DSD_SHA@DF_SHA(1.0);IS;Iceland;PT_B1GQ;Percentage of GDP;2020;8,012
IS_2021;OECD.ELS.HD:DSD_SHA@DF_SHA(1.0);IS;Iceland;PT_B1GQ;Percentage of GDP;2021;8,144
IS_2022;OECD.ELS.HD:DSD_SHA@DF_SHA(1.0);IS;Iceland;PT_B1GQ;Percentage of GDP;2022;7,138
SE_2012;OECD.ELS.HD:DSD_SHA@DF_SHA(1.0);SE;Sweden;PT_B1GQ;Percentage of GDP;2012;9,041
SE_2013;OECD.ELS.HD:DSD_SHA@DF_SHA(1.0);SE;Sweden;PT_B1GQ;Percentage of GDP;2013;9,162
SE_2014;OECD.ELS.HD:DSD_SHA@DF_SHA(1.0);SE;Sweden;PT_B1GQ;Percentage of GDP;2014;9,199
SE_2015;OECD.ELS.HD:DSD_SHA@DF_SHA(1.0);SE;Sweden;PT_B1GQ;Percentage of GDP;2015;9,071
SE_2016;OECD.ELS.HD:DSD_SHA@DF_SHA(1.0);SE;Sweden;PT_B1GQ;Percentage of GDP;2016;9,144
SE_2017;OECD.ELS.HD:DSD_SHA@DF_SHA(1.0);SE;Sweden;PT_B1GQ;Percentage of GDP;2017;9,136
SE_2018;OECD.ELS.HD:DSD_SHA@DF_SHA(1.0);SE;Sweden;PT_B1GQ;Percentage of GDP;2018;9,276
SE_2019;OECD.ELS.HD:DSD_SHA@DF_SHA(1.0);SE;Sweden;PT_B1GQ;Percentage of GDP;2019;9,221
SE_2020;OECD.ELS.HD:DSD_SHA@DF_SHA(1.0);SE;Sweden;PT_B1GQ;Percentage of GDP;2020;9,767
SE_2021;OECD.ELS.HD:DSD_SHA@DF_SHA(1.0);SE;Sweden;PT_B1GQ;Percentage of GDP;2021;9,663
SE_2022;OECD.ELS.HD:DSD_SHA@DF_SHA(1.0);SE;Sweden;PT_B1GQ;Percentage of GDP;2022;9,154
HU_2012;OECD.ELS.HD:DSD_SHA@DF_SHA(1.0);HU;Hungary;PT_EXP_HLTH;Percentage of expenditure on health;2012;65,508
HU_2013;OECD.ELS.HD:DSD_SHA@DF_SHA(1.0);HU;Hungary;PT_EXP_HLTH;Percentage of expenditure on health;2013;66,624
HU_2014;OECD.ELS.HD:DSD_SHA@DF_SHA(1.0);HU;Hungary;PT_EXP_HLTH;Percentage of expenditure on health;2014;67,076
HU_2015;OECD.ELS.HD:DSD_SHA@DF_SHA(1.0);HU;Hungary;PT_EXP_HLTH;Percentage of expenditure on health;2015;68,167
HU_2016;OECD.ELS.HD:DSD_SHA@DF_SHA(1.0);HU;Hungary;PT_EXP_HLTH;Percentage of expenditure on health;2016;68,079
HU_2017;OECD.ELS.HD:DSD_SHA@DF_SHA(1.0);HU;Hungary;PT_EXP_HLTH;Percentage of expenditure on health;2017;68,902
HU_2018;OECD.ELS.HD:DSD_SHA@DF_SHA(1.0);HU;Hungary;PT_EXP_HLTH;Percentage of expenditure on health;2018;69,551
HU_2019;OECD.ELS.HD:DSD_SHA@DF_SHA(1.0);HU;Hungary;PT_EXP_HLTH;Percentage of expenditure on health;2019;68,672
HU_2020;OECD.ELS.HD:DSD_SHA@DF_SHA(1.0);HU;Hungary;PT_EXP_HLTH;Percentage of expenditure on health;2020;70,793
HU_2021;OECD.ELS.HD:DSD_SHA@DF_SHA(1.0);HU;Hungary;PT_EXP_HLTH;Percentage of expenditure on health;2021;72,453
HU_2022;OECD.ELS.HD:DSD_SHA@DF_SHA(1.0);HU;Hungary;PT_EXP_HLTH;Percentage of expenditure on health;2022;72,355
CH_2012;OECD.ELS.HD:DSD_SHA@DF_SHA(1.0);CH;Switzerland;PT_EXP_HLTH;Percentage of expenditure on health;2012;65,77
CH_2013;OECD.ELS.HD:DSD_SHA@DF_SHA(1.0);CH;Switzerland;PT_EXP_HLTH;Percentage of expenditure on health;2013;65,474
CH_2014;OECD.ELS.HD:DSD_SHA@DF_SHA(1.0);CH;Switzerland;PT_EXP_HLTH;Percentage of expenditure on health;2014;65,702
CH_2015;OECD.ELS.HD:DSD_SHA@DF_SHA(1.0);CH;Switzerland;PT_EXP_HLTH;Percentage of expenditure on health;2015;66,107
CH_2016;OECD.ELS.HD:DSD_SHA@DF_SHA(1.0);CH;Switzerland;PT_EXP_HLTH;Percentage of expenditure on health;2016;66,622
CH_2017;OECD.ELS.HD:DSD_SHA@DF_SHA(1.0);CH;Switzerland;PT_EXP_HLTH;Percentage of expenditure on health;2017;66,824
CH_2018;OECD.ELS.HD:DSD_SHA@DF_SHA(1.0);CH;Switzerland;PT_EXP_HLTH;Percentage of expenditure on health;2018;66,146
CH_2019;OECD.ELS.HD:DSD_SHA@DF_SHA(1.0);CH;Switzerland;PT_EXP_HLTH;Percentage of expenditure on health;2019;66,233
CH_2020;OECD.ELS.HD:DSD_SHA@DF_SHA(1.0);CH;Switzerland;PT_EXP_HLTH;Percentage of expenditure on health;2020;67,647
CH_2021;OECD.ELS.HD:DSD_SHA@DF_SHA(1.0);CH;Switzerland;PT_EXP_HLTH;Percentage of expenditure on health;2021;67,727
CH_2022;OECD.ELS.HD:DSD_SHA@DF_SHA(1.0);CH;Switzerland;PT_EXP_HLTH;Percentage of expenditure on health;2022;68,918
SE_2012;OECD.ELS.HD:DSD_SHA@DF_SHA(1.0);SE;Sweden;PT_EXP_HLTH;Percentage of expenditure on health;2012;84,217
SE_2013;OECD.ELS.HD:DSD_SHA@DF_SHA(1.0);SE;Sweden;PT_EXP_HLTH;Percentage of expenditure on health;2013;84,02
SE_2014;OECD.ELS.HD:DSD_SHA@DF_SHA(1.0);SE;Sweden;PT_EXP_HLTH;Percentage of expenditure on health;2014;84,028
SE_2015;OECD.ELS.HD:DSD_SHA@DF_SHA(1.0);SE;Sweden;PT_EXP_HLTH;Percentage of expenditure on health;2015;83,961
SE_2016;OECD.ELS.HD:DSD_SHA@DF_SHA(1.0);SE;Sweden;PT_EXP_HLTH;Percentage of expenditure on health;2016;84,262
SE_2017;OECD.ELS.HD:DSD_SHA@DF_SHA(1.0);SE;Sweden;PT_EXP_HLTH;Percentage of expenditure on health;2017;84,707
SE_2018;OECD.ELS.HD:DSD_SHA@DF_SHA(1.0);SE;Sweden;PT_EXP_HLTH;Percentage of expenditure on health;2018;84,785
SE_2019;OECD.ELS.HD:DSD_SHA@DF_SHA(1.0);SE;Sweden;PT_EXP_HLTH;Percentage of expenditure on health;2019;85,124
SE_2020;OECD.ELS.HD:DSD_SHA@DF_SHA(1.0);SE;Sweden;PT_EXP_HLTH;Percentage of expenditure on health;2020;86,18
SE_2021;OECD.ELS.HD:DSD_SHA@DF_SHA(1.0);SE;Sweden;PT_EXP_HLTH;Percentage of expenditure on health;2021;85,923
SE_2022;OECD.ELS.HD:DSD_SHA@DF_SHA(1.0);SE;Sweden;PT_EXP_HLTH;Percentage of expenditure on health;2022;85,821
GR_2012;OECD.ELS.HD:DSD_SHA@DF_SHA(1.0);GR;Greece;PT_EXP_HLTH;Percentage of expenditure on health;2012;66,105
GR_2013;OECD.ELS.HD:DSD_SHA@DF_SHA(1.0);GR;Greece;PT_EXP_HLTH;Percentage of expenditure on health;2013;62,081
GR_2014;OECD.ELS.HD:DSD_SHA@DF_SHA(1.0);GR;Greece;PT_EXP_HLTH;Percentage of expenditure on health;2014;57,558
GR_2015;OECD.ELS.HD:DSD_SHA@DF_SHA(1.0);GR;Greece;PT_EXP_HLTH;Percentage of expenditure on health;2015;58,425
GR_2016;OECD.ELS.HD:DSD_SHA@DF_SHA(1.0);GR;Greece;PT_EXP_HLTH;Percentage of expenditure on health;2016;61,387
GR_2017;OECD.ELS.HD:DSD_SHA@DF_SHA(1.0);GR;Greece;PT_EXP_HLTH;Percentage of expenditure on health;2017;60,557
GR_2018;OECD.ELS.HD:DSD_SHA@DF_SHA(1.0);GR;Greece;PT_EXP_HLTH;Percentage of expenditure on health;2018;59,216
GR_2019;OECD.ELS.HD:DSD_SHA@DF_SHA(1.0);GR;Greece;PT_EXP_HLTH;Percentage of expenditure on health;2019;61,513
GR_2020;OECD.ELS.HD:DSD_SHA@DF_SHA(1.0);GR;Greece;PT_EXP_HLTH;Percentage of expenditure on health;2020;61,832
GR_2021;OECD.ELS.HD:DSD_SHA@DF_SHA(1.0);GR;Greece;PT_EXP_HLTH;Percentage of expenditure on health;2021;62,124
GR_2022;OECD.ELS.HD:DSD_SHA@DF_SHA(1.0);GR;Greece;PT_EXP_HLTH;Percentage of expenditure on health;2022;59,213
FR_2012;OECD.ELS.HD:DSD_SHA@DF_SHA(1.0);FR;France;PT_B1GQ;Percentage of GDP;2012;8,596
FR_2013;OECD.ELS.HD:DSD_SHA@DF_SHA(1.0);FR;France;PT_B1GQ;Percentage of GDP;2013;8,679
FR_2014;OECD.ELS.HD:DSD_SHA@DF_SHA(1.0);FR;France;PT_B1GQ;Percentage of GDP;2014;8,813
FR_2015;OECD.ELS.HD:DSD_SHA@DF_SHA(1.0);FR;France;PT_B1GQ;Percentage of GDP;2015;8,767
FR_2016;OECD.ELS.HD:DSD_SHA@DF_SHA(1.0);FR;France;PT_B1GQ;Percentage of GDP;2016;9,518
FR_2017;OECD.ELS.HD:DSD_SHA@DF_SHA(1.0);FR;France;PT_B1GQ;Percentage of GDP;2017;9,435
FR_2018;OECD.ELS.HD:DSD_SHA@DF_SHA(1.0);FR;France;PT_B1GQ;Percentage of GDP;2018;9,342
FR_2019;OECD.ELS.HD:DSD_SHA@DF_SHA(1.0);FR;France;PT_B1GQ;Percentage of GDP;2019;9,265
FR_2020;OECD.ELS.HD:DSD_SHA@DF_SHA(1.0);FR;France;PT_B1GQ;Percentage of GDP;2020;10,287
FR_2021;OECD.ELS.HD:DSD_SHA@DF_SHA(1.0);FR;France;PT_B1GQ;Percentage of GDP;2021;10,438
FR_2022;OECD.ELS.HD:DSD_SHA@DF_SHA(1.0);FR;France;PT_B1GQ;Percentage of GDP;2022;10,263
SK_2012;OECD.ELS.HD:DSD_SHA@DF_SHA(1.0);SK;Slovak Republic;PT_B1GQ;Percentage of GDP;2012;5,439
SK_2013;OECD.ELS.HD:DSD_SHA@DF_SHA(1.0);SK;Slovak Republic;PT_B1GQ;Percentage of GDP;2013;5,562
SK_2014;OECD.ELS.HD:DSD_SHA@DF_SHA(1.0);SK;Slovak Republic;PT_B1GQ;Percentage of GDP;2014;5,523
SK_2015;OECD.ELS.HD:DSD_SHA@DF_SHA(1.0);SK;Slovak Republic;PT_B1GQ;Percentage of GDP;2015;5,391
SK_2016;OECD.ELS.HD:DSD_SHA@DF_SHA(1.0);SK;Slovak Republic;PT_B1GQ;Percentage of GDP;2016;5,603
SK_2017;OECD.ELS.HD:DSD_SHA@DF_SHA(1.0);SK;Slovak Republic;PT_B1GQ;Percentage of GDP;2017;5,401
SK_2018;OECD.ELS.HD:DSD_SHA@DF_SHA(1.0);SK;Slovak Republic;PT_B1GQ;Percentage of GDP;2018;5,342
SK_2019;OECD.ELS.HD:DSD_SHA@DF_SHA(1.0);SK;Slovak Republic;PT_B1GQ;Percentage of GDP;2019;5,522
SK_2020;OECD.ELS.HD:DSD_SHA@DF_SHA(1.0);SK;Slovak Republic;PT_B1GQ;Percentage of GDP;2020;5,721
SK_2021;OECD.ELS.HD:DSD_SHA@DF_SHA(1.0);SK;Slovak Republic;PT_B1GQ;Percentage of GDP;2021;6,18
SK_2022;OECD.ELS.HD:DSD_SHA@DF_SHA(1.0);SK;Slovak Republic;PT_B1GQ;Percentage of GDP;2022;6,218
IE_2012;OECD.ELS.HD:DSD_SHA@DF_SHA(1.0);IE;Ireland;PT_B1GQ;Percentage of GDP;2012;7,622
IE_2013;OECD.ELS.HD:DSD_SHA@DF_SHA(1.0);IE;Ireland;PT_B1GQ;Percentage of GDP;2013;7,276
IE_2014;OECD.ELS.HD:DSD_SHA@DF_SHA(1.0);IE;Ireland;PT_B1GQ;Percentage of GDP;2014;6,774
IE_2015;OECD.ELS.HD:DSD_SHA@DF_SHA(1.0);IE;Ireland;PT_B1GQ;Percentage of GDP;2015;5,267
IE_2016;OECD.ELS.HD:DSD_SHA@DF_SHA(1.0);IE;Ireland;PT_B1GQ;Percentage of GDP;2016;5,412
IE_2017;OECD.ELS.HD:DSD_SHA@DF_SHA(1.0);IE;Ireland;PT_B1GQ;Percentage of GDP;2017;5,201
IE_2018;OECD.ELS.HD:DSD_SHA@DF_SHA(1.0);IE;Ireland;PT_B1GQ;Percentage of GDP;2018;5,091
IE_2019;OECD.ELS.HD:DSD_SHA@DF_SHA(1.0);IE;Ireland;PT_B1GQ;Percentage of GDP;2019;4,981
IE_2020;OECD.ELS.HD:DSD_SHA@DF_SHA(1.0);IE;Ireland;PT_B1GQ;Percentage of GDP;2020;5,548
IE_2021;OECD.ELS.HD:DSD_SHA@DF_SHA(1.0);IE;Ireland;PT_B1GQ;Percentage of GDP;2021;5,198
IE_2022;OECD.ELS.HD:DSD_SHA@DF_SHA(1.0);IE;Ireland;PT_B1GQ;Percentage of GDP;2022;4,696
IT_2012;OECD.ELS.HD:DSD_SHA@DF_SHA(1.0);IT;Italy;PT_EXP_HLTH;Percentage of expenditure on health;2012;75,877
IT_2013;OECD.ELS.HD:DSD_SHA@DF_SHA(1.0);IT;Italy;PT_EXP_HLTH;Percentage of expenditure on health;2013;75,759
IT_2014;OECD.ELS.HD:DSD_SHA@DF_SHA(1.0);IT;Italy;PT_EXP_HLTH;Percentage of expenditure on health;2014;75,425
IT_2015;OECD.ELS.HD:DSD_SHA@DF_SHA(1.0);IT;Italy;PT_EXP_HLTH;Percentage of expenditure on health;2015;74,435
IT_2016;OECD.ELS.HD:DSD_SHA@DF_SHA(1.0);IT;Italy;PT_EXP_HLTH;Percentage of expenditure on health;2016;74,401
IT_2017;OECD.ELS.HD:DSD_SHA@DF_SHA(1.0);IT;Italy;PT_EXP_HLTH;Percentage of expenditure on health;2017;73,735
IT_2018;OECD.ELS.HD:DSD_SHA@DF_SHA(1.0);IT;Italy;PT_EXP_HLTH;Percentage of expenditure on health;2018;73,861
IT_2019;OECD.ELS.HD:DSD_SHA@DF_SHA(1.0);IT;Italy;PT_EXP_HLTH;Percentage of expenditure on health;2019;73,745
IT_2020;OECD.ELS.HD:DSD_SHA@DF_SHA(1.0);IT;Italy;PT_EXP_HLTH;Percentage of expenditure on health;2020;75,926
IT_2021;OECD.ELS.HD:DSD_SHA@DF_SHA(1.0);IT;Italy;PT_EXP_HLTH;Percentage of expenditure on health;2021;75,462
IT_2022;OECD.ELS.HD:DSD_SHA@DF_SHA(1.0);IT;Italy;PT_EXP_HLTH;Percentage of expenditure on health;2022;75,852
IE_2012;OECD.ELS.HD:DSD_SHA@DF_SHA(1.0);IE;Ireland;PT_EXP_HLTH;Percentage of expenditure on health;2012;71,916
IE_2013;OECD.ELS.HD:DSD_SHA@DF_SHA(1.0);IE;Ireland;PT_EXP_HLTH;Percentage of expenditure on health;2013;70,799
IE_2014;OECD.ELS.HD:DSD_SHA@DF_SHA(1.0);IE;Ireland;PT_EXP_HLTH;Percentage of expenditure on health;2014;71,201
IE_2015;OECD.ELS.HD:DSD_SHA@DF_SHA(1.0);IE;Ireland;PT_EXP_HLTH;Percentage of expenditure on health;2015;71,793
IE_2016;OECD.ELS.HD:DSD_SHA@DF_SHA(1.0);IE;Ireland;PT_EXP_HLTH;Percentage of expenditure on health;2016;72,469
IE_2017;OECD.ELS.HD:DSD_SHA@DF_SHA(1.0);IE;Ireland;PT_EXP_HLTH;Percentage of expenditure on health;2017;72,997
IE_2018;OECD.ELS.HD:DSD_SHA@DF_SHA(1.0);IE;Ireland;PT_EXP_HLTH;Percentage of expenditure on health;2018;74,033
IE_2019;OECD.ELS.HD:DSD_SHA@DF_SHA(1.0);IE;Ireland;PT_EXP_HLTH;Percentage of expenditure on health;2019;74,249
IE_2020;OECD.ELS.HD:DSD_SHA@DF_SHA(1.0);IE;Ireland;PT_EXP_HLTH;Percentage of expenditure on health;2020;78,034
IE_2021;OECD.ELS.HD:DSD_SHA@DF_SHA(1.0);IE;Ireland;PT_EXP_HLTH;Percentage of expenditure on health;2021;77,397
IE_2022;OECD.ELS.HD:DSD_SHA@DF_SHA(1.0);IE;Ireland;PT_EXP_HLTH;Percentage of expenditure on health;2022;77,36
SK_2012;OECD.ELS.HD:DSD_SHA@DF_SHA(1.0);SK;Slovak Republic;PT_EXP_HLTH;Percentage of expenditure on health;2012;72,169
SK_2013;OECD.ELS.HD:DSD_SHA@DF_SHA(1.0);SK;Slovak Republic;PT_EXP_HLTH;Percentage of expenditure on health;2013;74,205
SK_2014;OECD.ELS.HD:DSD_SHA@DF_SHA(1.0);SK;Slovak Republic;PT_EXP_HLTH;Percentage of expenditure on health;2014;80,227
SK_2015;OECD.ELS.HD:DSD_SHA@DF_SHA(1.0);SK;Slovak Republic;PT_EXP_HLTH;Percentage of expenditure on health;2015;79,716
SK_2016;OECD.ELS.HD:DSD_SHA@DF_SHA(1.0);SK;Slovak Republic;PT_EXP_HLTH;Percentage of expenditure on health;2016;80,36
SK_2017;OECD.ELS.HD:DSD_SHA@DF_SHA(1.0);SK;Slovak Republic;PT_EXP_HLTH;Percentage of expenditure on health;2017;79,939
SK_2018;OECD.ELS.HD:DSD_SHA@DF_SHA(1.0);SK;Slovak Republic;PT_EXP_HLTH;Percentage of expenditure on health;2018;80,134
SK_2019;OECD.ELS.HD:DSD_SHA@DF_SHA(1.0);SK;Slovak Republic;PT_EXP_HLTH;Percentage of expenditure on health;2019;79,793
SK_2020;OECD.ELS.HD:DSD_SHA@DF_SHA(1.0);SK;Slovak Republic;PT_EXP_HLTH;Percentage of expenditure on health;2020;80,271
SK_2021;OECD.ELS.HD:DSD_SHA@DF_SHA(1.0);SK;Slovak Republic;PT_EXP_HLTH;Percentage of expenditure on health;2021;79,735
SK_2022;OECD.ELS.HD:DSD_SHA@DF_SHA(1.0);SK;Slovak Republic;PT_EXP_HLTH;Percentage of expenditure on health;2022;80,196
GM_2012;OECD.ELS.HD:DSD_SHA@DF_SHA(1.0);GM;United Kingdom;PT_B1GQ;Percentage of GDP;2012;7,996
GM_2013;OECD.ELS.HD:DSD_SHA@DF_SHA(1.0);GM;United Kingdom;PT_B1GQ;Percentage of GDP;2013;7,907
GM_2014;OECD.ELS.HD:DSD_SHA@DF_SHA(1.0);GM;United Kingdom;PT_B1GQ;Percentage of GDP;2014;7,908
GM_2015;OECD.ELS.HD:DSD_SHA@DF_SHA(1.0);GM;United Kingdom;PT_B1GQ;Percentage of GDP;2015;7,853
GM_2016;OECD.ELS.HD:DSD_SHA@DF_SHA(1.0);GM;United Kingdom;PT_B1GQ;Percentage of GDP;2016;7,839
GM_2017;OECD.ELS.HD:DSD_SHA@DF_SHA(1.0);GM;United Kingdom;PT_B1GQ;Percentage of GDP;2017;7,676
GM_2018;OECD.ELS.HD:DSD_SHA@DF_SHA(1.0);GM;United Kingdom;PT_B1GQ;Percentage of GDP;2018;7,719
GM_2019;OECD.ELS.HD:DSD_SHA@DF_SHA(1.0);GM;United Kingdom;PT_B1GQ;Percentage of GDP;2019;7,895
GM_2020;OECD.ELS.HD:DSD_SHA@DF_SHA(1.0);GM;United Kingdom;PT_B1GQ;Percentage of GDP;2020;10,1
GM_2021;OECD.ELS.HD:DSD_SHA@DF_SHA(1.0);GM;United Kingdom;PT_B1GQ;Percentage of GDP;2021;10,266
GM_2022;OECD.ELS.HD:DSD_SHA@DF_SHA(1.0);GM;United Kingdom;PT_B1GQ;Percentage of GDP;2022;9,251
HR_2012;OECD.ELS.HD:DSD_SHA@DF_SHA(1.0);HR;Croatia;PT_EXP_HLTH;Percentage of expenditure on health;2012;81,165
HR_2013;OECD.ELS.HD:DSD_SHA@DF_SHA(1.0);HR;Croatia;PT_EXP_HLTH;Percentage of expenditure on health;2013;84,865
HR_2014;OECD.ELS.HD:DSD_SHA@DF_SHA(1.0);HR;Croatia;PT_EXP_HLTH;Percentage of expenditure on health;2014;82,923
HR_2015;OECD.ELS.HD:DSD_SHA@DF_SHA(1.0);HR;Croatia;PT_EXP_HLTH;Percentage of expenditure on health;2015;82,632
HR_2016;OECD.ELS.HD:DSD_SHA@DF_SHA(1.0);HR;Croatia;PT_EXP_HLTH;Percentage of expenditure on health;2016;82,521
HR_2017;OECD.ELS.HD:DSD_SHA@DF_SHA(1.0);HR;Croatia;PT_EXP_HLTH;Percentage of expenditure on health;2017;82,544
HR_2018;OECD.ELS.HD:DSD_SHA@DF_SHA(1.0);HR;Croatia;PT_EXP_HLTH;Percentage of expenditure on health;2018;82,003
HR_2019;OECD.ELS.HD:DSD_SHA@DF_SHA(1.0);HR;Croatia;PT_EXP_HLTH;Percentage of expenditure on health;2019;81,907
HR_2020;OECD.ELS.HD:DSD_SHA@DF_SHA(1.0);HR;Croatia;PT_EXP_HLTH;Percentage of expenditure on health;2020;84,193
HR_2021;OECD.ELS.HD:DSD_SHA@DF_SHA(1.0);HR;Croatia;PT_EXP_HLTH;Percentage of expenditure on health;2021;85,502
AT_2012;OECD.ELS.HD:DSD_SHA@DF_SHA(1.0);AT;Austria;PT_B1GQ;Percentage of GDP;2012;7,617
AT_2013;OECD.ELS.HD:DSD_SHA@DF_SHA(1.0);AT;Austria;PT_B1GQ;Percentage of GDP;2013;7,612
AT_2014;OECD.ELS.HD:DSD_SHA@DF_SHA(1.0);AT;Austria;PT_B1GQ;Percentage of GDP;2014;7,673
AT_2015;OECD.ELS.HD:DSD_SHA@DF_SHA(1.0);AT;Austria;PT_B1GQ;Percentage of GDP;2015;7,678
AT_2016;OECD.ELS.HD:DSD_SHA@DF_SHA(1.0);AT;Austria;PT_B1GQ;Percentage of GDP;2016;7,657
AT_2017;OECD.ELS.HD:DSD_SHA@DF_SHA(1.0);AT;Austria;PT_B1GQ;Percentage of GDP;2017;7,686
AT_2018;OECD.ELS.HD:DSD_SHA@DF_SHA(1.0);AT;Austria;PT_B1GQ;Percentage of GDP;2018;7,727
AT_2019;OECD.ELS.HD:DSD_SHA@DF_SHA(1.0);AT;Austria;PT_B1GQ;Percentage of GDP;2019;7,872
AT_2020;OECD.ELS.HD:DSD_SHA@DF_SHA(1.0);AT;Austria;PT_B1GQ;Percentage of GDP;2020;8,747
AT_2021;OECD.ELS.HD:DSD_SHA@DF_SHA(1.0);AT;Austria;PT_B1GQ;Percentage of GDP;2021;9,476
AT_2022;OECD.ELS.HD:DSD_SHA@DF_SHA(1.0);AT;Austria;PT_B1GQ;Percentage of GDP;2022;8,837
BE_2012;OECD.ELS.HD:DSD_SHA@DF_SHA(1.0);BE;Belgium;PT_EXP_HLTH;Percentage of expenditure on health;2012;76,491
BE_2013;OECD.ELS.HD:DSD_SHA@DF_SHA(1.0);BE;Belgium;PT_EXP_HLTH;Percentage of expenditure on health;2013;76,018
BE_2014;OECD.ELS.HD:DSD_SHA@DF_SHA(1.0);BE;Belgium;PT_EXP_HLTH;Percentage of expenditure on health;2014;76,151
BE_2015;OECD.ELS.HD:DSD_SHA@DF_SHA(1.0);BE;Belgium;PT_EXP_HLTH;Percentage of expenditure on health;2015;76,411
BE_2016;OECD.ELS.HD:DSD_SHA@DF_SHA(1.0);BE;Belgium;PT_EXP_HLTH;Percentage of expenditure on health;2016;76,802
BE_2017;OECD.ELS.HD:DSD_SHA@DF_SHA(1.0);BE;Belgium;PT_EXP_HLTH;Percentage of expenditure on health;2017;76,759
BE_2018;OECD.ELS.HD:DSD_SHA@DF_SHA(1.0);BE;Belgium;PT_EXP_HLTH;Percentage of expenditure on health;2018;76,63
BE_2019;OECD.ELS.HD:DSD_SHA@DF_SHA(1.0);BE;Belgium;PT_EXP_HLTH;Percentage of expenditure on health;2019;75,255
BE_2020;OECD.ELS.HD:DSD_SHA@DF_SHA(1.0);BE;Belgium;PT_EXP_HLTH;Percentage of expenditure on health;2020;77,926
BE_2021;OECD.ELS.HD:DSD_SHA@DF_SHA(1.0);BE;Belgium;PT_EXP_HLTH;Percentage of expenditure on health;2021;77,613
BE_2022;OECD.ELS.HD:DSD_SHA@DF_SHA(1.0);BE;Belgium;PT_EXP_HLTH;Percentage of expenditure on health;2022;76,63
HR_2012;OECD.ELS.HD:DSD_SHA@DF_SHA(1.0);HR;Croatia;PT_B1GQ;Percentage of GDP;2012;6,083
HR_2013;OECD.ELS.HD:DSD_SHA@DF_SHA(1.0);HR;Croatia;PT_B1GQ;Percentage of GDP;2013;5,453
HR_2014;OECD.ELS.HD:DSD_SHA@DF_SHA(1.0);HR;Croatia;PT_B1GQ;Percentage of GDP;2014;5,481
HR_2015;OECD.ELS.HD:DSD_SHA@DF_SHA(1.0);HR;Croatia;PT_B1GQ;Percentage of GDP;2015;5,528
HR_2016;OECD.ELS.HD:DSD_SHA@DF_SHA(1.0);HR;Croatia;PT_B1GQ;Percentage of GDP;2016;5,55
HR_2017;OECD.ELS.HD:DSD_SHA@DF_SHA(1.0);HR;Croatia;PT_B1GQ;Percentage of GDP;2017;5,495
HR_2018;OECD.ELS.HD:DSD_SHA@DF_SHA(1.0);HR;Croatia;PT_B1GQ;Percentage of GDP;2018;5,535
HR_2019;OECD.ELS.HD:DSD_SHA@DF_SHA(1.0);HR;Croatia;PT_B1GQ;Percentage of GDP;2019;5,571
HR_2020;OECD.ELS.HD:DSD_SHA@DF_SHA(1.0);HR;Croatia;PT_B1GQ;Percentage of GDP;2020;6,507
HR_2021;OECD.ELS.HD:DSD_SHA@DF_SHA(1.0);HR;Croatia;PT_B1GQ;Percentage of GDP;2021;6,927
BE_2012;OECD.ELS.HD:DSD_SHA@DF_SHA(1.0);BE;Belgium;PT_B1GQ;Percentage of GDP;2012;8,033
BE_2013;OECD.ELS.HD:DSD_SHA@DF_SHA(1.0);BE;Belgium;PT_B1GQ;Percentage of GDP;2013;8,04
BE_2014;OECD.ELS.HD:DSD_SHA@DF_SHA(1.0);BE;Belgium;PT_B1GQ;Percentage of GDP;2014;8,079
BE_2015;OECD.ELS.HD:DSD_SHA@DF_SHA(1.0);BE;Belgium;PT_B1GQ;Percentage of GDP;2015;8,25
BE_2016;OECD.ELS.HD:DSD_SHA@DF_SHA(1.0);BE;Belgium;PT_B1GQ;Percentage of GDP;2016;8,29
BE_2017;OECD.ELS.HD:DSD_SHA@DF_SHA(1.0);BE;Belgium;PT_B1GQ;Percentage of GDP;2017;8,289
BE_2018;OECD.ELS.HD:DSD_SHA@DF_SHA(1.0);BE;Belgium;PT_B1GQ;Percentage of GDP;2018;8,323
BE_2019;OECD.ELS.HD:DSD_SHA@DF_SHA(1.0);BE;Belgium;PT_B1GQ;Percentage of GDP;2019;8,124
BE_2020;OECD.ELS.HD:DSD_SHA@DF_SHA(1.0);BE;Belgium;PT_B1GQ;Percentage of GDP;2020;8,726
BE_2021;OECD.ELS.HD:DSD_SHA@DF_SHA(1.0);BE;Belgium;PT_B1GQ;Percentage of GDP;2021;8,571
BE_2022;OECD.ELS.HD:DSD_SHA@DF_SHA(1.0);BE;Belgium;PT_B1GQ;Percentage of GDP;2022;8,384
DK_2012;OECD.ELS.HD:DSD_SHA@DF_SHA(1.0);DK;Denmark;PT_B1GQ;Percentage of GDP;2012;8,861
DK_2013;OECD.ELS.HD:DSD_SHA@DF_SHA(1.0);DK;Denmark;PT_B1GQ;Percentage of GDP;2013;8,705
DK_2014;OECD.ELS.HD:DSD_SHA@DF_SHA(1.0);DK;Denmark;PT_B1GQ;Percentage of GDP;2014;8,688
DK_2015;OECD.ELS.HD:DSD_SHA@DF_SHA(1.0);DK;Denmark;PT_B1GQ;Percentage of GDP;2015;8,699
DK_2016;OECD.ELS.HD:DSD_SHA@DF_SHA(1.0);DK;Denmark;PT_B1GQ;Percentage of GDP;2016;8,616
DK_2017;OECD.ELS.HD:DSD_SHA@DF_SHA(1.0);DK;Denmark;PT_B1GQ;Percentage of GDP;2017;8,478
DK_2018;OECD.ELS.HD:DSD_SHA@DF_SHA(1.0);DK;Denmark;PT_B1GQ;Percentage of GDP;2018;8,457
DK_2019;OECD.ELS.HD:DSD_SHA@DF_SHA(1.0);DK;Denmark;PT_B1GQ;Percentage of GDP;2019;8,499
DK_2020;OECD.ELS.HD:DSD_SHA@DF_SHA(1.0);DK;Denmark;PT_B1GQ;Percentage of GDP;2020;8,95
DK_2021;OECD.ELS.HD:DSD_SHA@DF_SHA(1.0);DK;Denmark;PT_B1GQ;Percentage of GDP;2021;9,223
DK_2022;OECD.ELS.HD:DSD_SHA@DF_SHA(1.0);DK;Denmark;PT_B1GQ;Percentage of GDP;2022;8,051
PT_2012;OECD.ELS.HD:DSD_SHA@DF_SHA(1.0);PT;Portugal;PT_B1GQ;Percentage of GDP;2012;5,921
PT_2013;OECD.ELS.HD:DSD_SHA@DF_SHA(1.0);PT;Portugal;PT_B1GQ;Percentage of GDP;2013;5,863
PT_2014;OECD.ELS.HD:DSD_SHA@DF_SHA(1.0);PT;Portugal;PT_B1GQ;Percentage of GDP;2014;5,774
PT_2015;OECD.ELS.HD:DSD_SHA@DF_SHA(1.0);PT;Portugal;PT_B1GQ;Percentage of GDP;2015;5,751
PT_2016;OECD.ELS.HD:DSD_SHA@DF_SHA(1.0);PT;Portugal;PT_B1GQ;Percentage of GDP;2016;5,793
PT_2017;OECD.ELS.HD:DSD_SHA@DF_SHA(1.0);PT;Portugal;PT_B1GQ;Percentage of GDP;2017;5,698
PT_2018;OECD.ELS.HD:DSD_SHA@DF_SHA(1.0);PT;Portugal;PT_B1GQ;Percentage of GDP;2018;5,763
PT_2019;OECD.ELS.HD:DSD_SHA@DF_SHA(1.0);PT;Portugal;PT_B1GQ;Percentage of GDP;2019;5,789
PT_2020;OECD.ELS.HD:DSD_SHA@DF_SHA(1.0);PT;Portugal;PT_B1GQ;Percentage of GDP;2020;6,782
PT_2021;OECD.ELS.HD:DSD_SHA@DF_SHA(1.0);PT;Portugal;PT_B1GQ;Percentage of GDP;2021;7,039
PT_2022;OECD.ELS.HD:DSD_SHA@DF_SHA(1.0);PT;Portugal;PT_B1GQ;Percentage of GDP;2022;6,74
NL_2012;OECD.ELS.HD:DSD_SHA@DF_SHA(1.0);NL;Netherlands;PT_B1GQ;Percentage of GDP;2012;8,654
NL_2013;OECD.ELS.HD:DSD_SHA@DF_SHA(1.0);NL;Netherlands;PT_B1GQ;Percentage of GDP;2013;8,588
NL_2014;OECD.ELS.HD:DSD_SHA@DF_SHA(1.0);NL;Netherlands;PT_B1GQ;Percentage of GDP;2014;8,568
NL_2015;OECD.ELS.HD:DSD_SHA@DF_SHA(1.0);NL;Netherlands;PT_B1GQ;Percentage of GDP;2015;8,402
NL_2016;OECD.ELS.HD:DSD_SHA@DF_SHA(1.0);NL;Netherlands;PT_B1GQ;Percentage of GDP;2016;8,358
NL_2017;OECD.ELS.HD:DSD_SHA@DF_SHA(1.0);NL;Netherlands;PT_B1GQ;Percentage of GDP;2017;8,257
NL_2018;OECD.ELS.HD:DSD_SHA@DF_SHA(1.0);NL;Netherlands;PT_B1GQ;Percentage of GDP;2018;8,227
NL_2019;OECD.ELS.HD:DSD_SHA@DF_SHA(1.0);NL;Netherlands;PT_B1GQ;Percentage of GDP;2019;8,396
NL_2020;OECD.ELS.HD:DSD_SHA@DF_SHA(1.0);NL;Netherlands;PT_B1GQ;Percentage of GDP;2020;9,522
NL_2021;OECD.ELS.HD:DSD_SHA@DF_SHA(1.0);NL;Netherlands;PT_B1GQ;Percentage of GDP;2021;9,589
NL_2022;OECD.ELS.HD:DSD_SHA@DF_SHA(1.0);NL;Netherlands;PT_B1GQ;Percentage of GDP;2022;8,6
BG_2012;OECD.ELS.HD:DSD_SHA@DF_SHA(1.0);BG;Bulgaria;PT_B1GQ;Percentage of GDP;2012;3,845
BG_2013;OECD.ELS.HD:DSD_SHA@DF_SHA(1.0);BG;Bulgaria;PT_B1GQ;Percentage of GDP;2013;4,057
BG_2014;OECD.ELS.HD:DSD_SHA@DF_SHA(1.0);BG;Bulgaria;PT_B1GQ;Percentage of GDP;2014;4,493
BG_2015;OECD.ELS.HD:DSD_SHA@DF_SHA(1.0);BG;Bulgaria;PT_B1GQ;Percentage of GDP;2015;4,148
BG_2016;OECD.ELS.HD:DSD_SHA@DF_SHA(1.0);BG;Bulgaria;PT_B1GQ;Percentage of GDP;2016;4,128
BG_2017;OECD.ELS.HD:DSD_SHA@DF_SHA(1.0);BG;Bulgaria;PT_B1GQ;Percentage of GDP;2017;4,222
BG_2018;OECD.ELS.HD:DSD_SHA@DF_SHA(1.0);BG;Bulgaria;PT_B1GQ;Percentage of GDP;2018;4,33
BG_2019;OECD.ELS.HD:DSD_SHA@DF_SHA(1.0);BG;Bulgaria;PT_B1GQ;Percentage of GDP;2019;4,295
BG_2020;OECD.ELS.HD:DSD_SHA@DF_SHA(1.0);BG;Bulgaria;PT_B1GQ;Percentage of GDP;2020;5,351
BG_2021;OECD.ELS.HD:DSD_SHA@DF_SHA(1.0);BG;Bulgaria;PT_B1GQ;Percentage of GDP;2021;5,536
ES_2012;OECD.ELS.HD:DSD_SHA@DF_SHA(1.0);ES;Spain;PT_B1GQ;Percentage of GDP;2012;6,601
ES_2013;OECD.ELS.HD:DSD_SHA@DF_SHA(1.0);ES;Spain;PT_B1GQ;Percentage of GDP;2013;6,436
ES_2014;OECD.ELS.HD:DSD_SHA@DF_SHA(1.0);ES;Spain;PT_B1GQ;Percentage of GDP;2014;6,383
ES_2015;OECD.ELS.HD:DSD_SHA@DF_SHA(1.0);ES;Spain;PT_B1GQ;Percentage of GDP;2015;6,505
ES_2016;OECD.ELS.HD:DSD_SHA@DF_SHA(1.0);ES;Spain;PT_B1GQ;Percentage of GDP;2016;6,402
ES_2017;OECD.ELS.HD:DSD_SHA@DF_SHA(1.0);ES;Spain;PT_B1GQ;Percentage of GDP;2017;6,307
ES_2018;OECD.ELS.HD:DSD_SHA@DF_SHA(1.0);ES;Spain;PT_B1GQ;Percentage of GDP;2018;6,318
ES_2019;OECD.ELS.HD:DSD_SHA@DF_SHA(1.0);ES;Spain;PT_B1GQ;Percentage of GDP;2019;6,452
ES_2020;OECD.ELS.HD:DSD_SHA@DF_SHA(1.0);ES;Spain;PT_B1GQ;Percentage of GDP;2020;7,86
ES_2021;OECD.ELS.HD:DSD_SHA@DF_SHA(1.0);ES;Spain;PT_B1GQ;Percentage of GDP;2021;7,69
ES_2022;OECD.ELS.HD:DSD_SHA@DF_SHA(1.0);ES;Spain;PT_B1GQ;Percentage of GDP;2022;7,297
MT_2012;OECD.ELS.HD:DSD_SHA@DF_SHA(1.0);MT;Malta;PT_B1GQ;Percentage of GDP;2012;5,496
MT_2013;OECD.ELS.HD:DSD_SHA@DF_SHA(1.0);MT;Malta;PT_B1GQ;Percentage of GDP;2013;5,739
MT_2014;OECD.ELS.HD:DSD_SHA@DF_SHA(1.0);MT;Malta;PT_B1GQ;Percentage of GDP;2014;5,571
MT_2015;OECD.ELS.HD:DSD_SHA@DF_SHA(1.0);MT;Malta;PT_B1GQ;Percentage of GDP;2015;5,389
MT_2016;OECD.ELS.HD:DSD_SHA@DF_SHA(1.0);MT;Malta;PT_B1GQ;Percentage of GDP;2016;5,651
MT_2017;OECD.ELS.HD:DSD_SHA@DF_SHA(1.0);MT;Malta;PT_B1GQ;Percentage of GDP;2017;5,491
MT_2018;OECD.ELS.HD:DSD_SHA@DF_SHA(1.0);MT;Malta;PT_B1GQ;Percentage of GDP;2018;5,438
MT_2019;OECD.ELS.HD:DSD_SHA@DF_SHA(1.0);MT;Malta;PT_B1GQ;Percentage of GDP;2019;5,719
MT_2020;OECD.ELS.HD:DSD_SHA@DF_SHA(1.0);MT;Malta;PT_B1GQ;Percentage of GDP;2020;7,168
SI_2012;OECD.ELS.HD:DSD_SHA@DF_SHA(1.0);SI;Slovenia;PT_B1GQ;Percentage of GDP;2012;6,271
SI_2013;OECD.ELS.HD:DSD_SHA@DF_SHA(1.0);SI;Slovenia;PT_B1GQ;Percentage of GDP;2013;6,238
SI_2014;OECD.ELS.HD:DSD_SHA@DF_SHA(1.0);SI;Slovenia;PT_B1GQ;Percentage of GDP;2014;6,046
SI_2015;OECD.ELS.HD:DSD_SHA@DF_SHA(1.0);SI;Slovenia;PT_B1GQ;Percentage of GDP;2015;6,116
SI_2016;OECD.ELS.HD:DSD_SHA@DF_SHA(1.0);SI;Slovenia;PT_B1GQ;Percentage of GDP;2016;6,166
SI_2017;OECD.ELS.HD:DSD_SHA@DF_SHA(1.0);SI;Slovenia;PT_B1GQ;Percentage of GDP;2017;5,909
SI_2018;OECD.ELS.HD:DSD_SHA@DF_SHA(1.0);SI;Slovenia;PT_B1GQ;Percentage of GDP;2018;6,027
SI_2019;OECD.ELS.HD:DSD_SHA@DF_SHA(1.0);SI;Slovenia;PT_B1GQ;Percentage of GDP;2019;6,186
SI_2020;OECD.ELS.HD:DSD_SHA@DF_SHA(1.0);SI;Slovenia;PT_B1GQ;Percentage of GDP;2020;6,902
SI_2021;OECD.ELS.HD:DSD_SHA@DF_SHA(1.0);SI;Slovenia;PT_B1GQ;Percentage of GDP;2021;6,989
SI_2022;OECD.ELS.HD:DSD_SHA@DF_SHA(1.0);SI;Slovenia;PT_B1GQ;Percentage of GDP;2022;6,571
FI_2012;OECD.ELS.HD:DSD_SHA@DF_SHA(1.0);FI;Finland;PT_EXP_HLTH;Percentage of expenditure on health;2012;78,186
FI_2013;OECD.ELS.HD:DSD_SHA@DF_SHA(1.0);FI;Finland;PT_EXP_HLTH;Percentage of expenditure on health;2013;77,95
FI_2014;OECD.ELS.HD:DSD_SHA@DF_SHA(1.0);FI;Finland;PT_EXP_HLTH;Percentage of expenditure on health;2014;78,016
FI_2015;OECD.ELS.HD:DSD_SHA@DF_SHA(1.0);FI;Finland;PT_EXP_HLTH;Percentage of expenditure on health;2015;76,94
FI_2016;OECD.ELS.HD:DSD_SHA@DF_SHA(1.0);FI;Finland;PT_EXP_HLTH;Percentage of expenditure on health;2016;76,226
FI_2017;OECD.ELS.HD:DSD_SHA@DF_SHA(1.0);FI;Finland;PT_EXP_HLTH;Percentage of expenditure on health;2017;76,418
FI_2018;OECD.ELS.HD:DSD_SHA@DF_SHA(1.0);FI;Finland;PT_EXP_HLTH;Percentage of expenditure on health;2018;76,956
FI_2019;OECD.ELS.HD:DSD_SHA@DF_SHA(1.0);FI;Finland;PT_EXP_HLTH;Percentage of expenditure on health;2019;77,873
FI_2020;OECD.ELS.HD:DSD_SHA@DF_SHA(1.0);FI;Finland;PT_EXP_HLTH;Percentage of expenditure on health;2020;79,059
FI_2021;OECD.ELS.HD:DSD_SHA@DF_SHA(1.0);FI;Finland;PT_EXP_HLTH;Percentage of expenditure on health;2021;79,778
FI_2022;OECD.ELS.HD:DSD_SHA@DF_SHA(1.0);FI;Finland;PT_EXP_HLTH;Percentage of expenditure on health;2022;79,948
SI_2012;OECD.ELS.HD:DSD_SHA@DF_SHA(1.0);SI;Slovenia;PT_EXP_HLTH;Percentage of expenditure on health;2012;71,956
SI_2013;OECD.ELS.HD:DSD_SHA@DF_SHA(1.0);SI;Slovenia;PT_EXP_HLTH;Percentage of expenditure on health;2013;71,375
SI_2014;OECD.ELS.HD:DSD_SHA@DF_SHA(1.0);SI;Slovenia;PT_EXP_HLTH;Percentage of expenditure on health;2014;71,114
SI_2015;OECD.ELS.HD:DSD_SHA@DF_SHA(1.0);SI;Slovenia;PT_EXP_HLTH;Percentage of expenditure on health;2015;71,806
SI_2016;OECD.ELS.HD:DSD_SHA@DF_SHA(1.0);SI;Slovenia;PT_EXP_HLTH;Percentage of expenditure on health;2016;72,728
SI_2017;OECD.ELS.HD:DSD_SHA@DF_SHA(1.0);SI;Slovenia;PT_EXP_HLTH;Percentage of expenditure on health;2017;72,197
SI_2018;OECD.ELS.HD:DSD_SHA@DF_SHA(1.0);SI;Slovenia;PT_EXP_HLTH;Percentage of expenditure on health;2018;72,822
SI_2019;OECD.ELS.HD:DSD_SHA@DF_SHA(1.0);SI;Slovenia;PT_EXP_HLTH;Percentage of expenditure on health;2019;72,785
SI_2020;OECD.ELS.HD:DSD_SHA@DF_SHA(1.0);SI;Slovenia;PT_EXP_HLTH;Percentage of expenditure on health;2020;73,166
SI_2021;OECD.ELS.HD:DSD_SHA@DF_SHA(1.0);SI;Slovenia;PT_EXP_HLTH;Percentage of expenditure on health;2021;73,74
SI_2022;OECD.ELS.HD:DSD_SHA@DF_SHA(1.0);SI;Slovenia;PT_EXP_HLTH;Percentage of expenditure on health;2022;74,28
IL_2012;OECD.ELS.HD:DSD_SHA@DF_SHA(1.0);IL;Israel;PT_EXP_HLTH;Percentage of expenditure on health;2012;62,607
IL_2013;OECD.ELS.HD:DSD_SHA@DF_SHA(1.0);IL;Israel;PT_EXP_HLTH;Percentage of expenditure on health;2013;63,419
IL_2014;OECD.ELS.HD:DSD_SHA@DF_SHA(1.0);IL;Israel;PT_EXP_HLTH;Percentage of expenditure on health;2014;63,132
IL_2015;OECD.ELS.HD:DSD_SHA@DF_SHA(1.0);IL;Israel;PT_EXP_HLTH;Percentage of expenditure on health;2015;63,417
IL_2016;OECD.ELS.HD:DSD_SHA@DF_SHA(1.0);IL;Israel;PT_EXP_HLTH;Percentage of expenditure on health;2016;63,316
IL_2017;OECD.ELS.HD:DSD_SHA@DF_SHA(1.0);IL;Israel;PT_EXP_HLTH;Percentage of expenditure on health;2017;63,883
IL_2018;OECD.ELS.HD:DSD_SHA@DF_SHA(1.0);IL;Israel;PT_EXP_HLTH;Percentage of expenditure on health;2018;64,665
IL_2019;OECD.ELS.HD:DSD_SHA@DF_SHA(1.0);IL;Israel;PT_EXP_HLTH;Percentage of expenditure on health;2019;64,815
IL_2020;OECD.ELS.HD:DSD_SHA@DF_SHA(1.0);IL;Israel;PT_EXP_HLTH;Percentage of expenditure on health;2020;68,194
IL_2021;OECD.ELS.HD:DSD_SHA@DF_SHA(1.0);IL;Israel;PT_EXP_HLTH;Percentage of expenditure on health;2021;68,178
IL_2022;OECD.ELS.HD:DSD_SHA@DF_SHA(1.0);IL;Israel;PT_EXP_HLTH;Percentage of expenditure on health;2022;68,528
