ID;DATAFLOW;COUNTRY;TIME_PERIOD;PT_POP_Y_GE65
IE_2012;OECD.ELS.SAE:DSD_POPULATION@DF_POP_HIST(1.0);IE;2012;11,97416808
IE_2013;OECD.ELS.SAE:DSD_POPULATION@DF_POP_HIST(1.0);IE;2013;12,33427576
IE_2014;OECD.ELS.SAE:DSD_POPULATION@DF_POP_HIST(1.0);IE;2014;12,68951918
IE_2015;OECD.ELS.SAE:DSD_POPULATION@DF_POP_HIST(1.0);IE;2015;13,01829627
IE_2016;OECD.ELS.SAE:DSD_POPULATION@DF_POP_HIST(1.0);IE;2016;13,28904124
IE_2017;OECD.ELS.SAE:DSD_POPULATION@DF_POP_HIST(1.0);IE;2017;13,56032042
IE_2018;OECD.ELS.SAE:DSD_POPULATION@DF_POP_HIST(1.0);IE;2018;13,86370024
IE_2019;OECD.ELS.SAE:DSD_POPULATION@DF_POP_HIST(1.0);IE;2019;14,14781197
IE_2020;OECD.ELS.SAE:DSD_POPULATION@DF_POP_HIST(1.0);IE;2020;14,46809135
IE_2021;OECD.ELS.SAE:DSD_POPULATION@DF_POP_HIST(1.0);IE;2021;14,81151201
IE_2022;OECD.ELS.SAE:DSD_POPULATION@DF_POP_HIST(1.0);IE;2022;15,07606815
LT_2012;OECD.ELS.SAE:DSD_POPULATION@DF_POP_HIST(1.0);LT;2012;18,16620607
LT_2013;OECD.ELS.SAE:DSD_POPULATION@DF_POP_HIST(1.0);LT;2013;18,34094119
LT_2014;OECD.ELS.SAE:DSD_POPULATION@DF_POP_HIST(1.0);LT;2014;18,58317871
LT_2015;OECD.ELS.SAE:DSD_POPULATION@DF_POP_HIST(1.0);LT;2015;18,85841558
LT_2016;OECD.ELS.SAE:DSD_POPULATION@DF_POP_HIST(1.0);LT;2016;19,15337363
LT_2017;OECD.ELS.SAE:DSD_POPULATION@DF_POP_HIST(1.0);LT;2017;19,48088727
LT_2018;OECD.ELS.SAE:DSD_POPULATION@DF_POP_HIST(1.0);LT;2018;19,70646176
LT_2019;OECD.ELS.SAE:DSD_POPULATION@DF_POP_HIST(1.0);LT;2019;19,83345842
LT_2020;OECD.ELS.SAE:DSD_POPULATION@DF_POP_HIST(1.0);LT;2020;19,91176739
LT_2021;OECD.ELS.SAE:DSD_POPULATION@DF_POP_HIST(1.0);LT;2021;19,95039845
LT_2022;OECD.ELS.SAE:DSD_POPULATION@DF_POP_HIST(1.0);LT;2022;19,9734204
CH_2012;OECD.ELS.SAE:DSD_POPULATION@DF_POP_HIST(1.0);CH;2012;17,28038039
CH_2013;OECD.ELS.SAE:DSD_POPULATION@DF_POP_HIST(1.0);CH;2013;17,50057421
CH_2014;OECD.ELS.SAE:DSD_POPULATION@DF_POP_HIST(1.0);CH;2014;17,69710157
CH_2015;OECD.ELS.SAE:DSD_POPULATION@DF_POP_HIST(1.0);CH;2015;17,87300007
CH_2016;OECD.ELS.SAE:DSD_POPULATION@DF_POP_HIST(1.0);CH;2016;18,02215223
CH_2017;OECD.ELS.SAE:DSD_POPULATION@DF_POP_HIST(1.0);CH;2017;18,18191176
CH_2018;OECD.ELS.SAE:DSD_POPULATION@DF_POP_HIST(1.0);CH;2018;18,3670653
CH_2019;OECD.ELS.SAE:DSD_POPULATION@DF_POP_HIST(1.0);CH;2019;18,55974382
CH_2020;OECD.ELS.SAE:DSD_POPULATION@DF_POP_HIST(1.0);CH;2020;18,72777669
CH_2021;OECD.ELS.SAE:DSD_POPULATION@DF_POP_HIST(1.0);CH;2021;18,90384353
CH_2022;OECD.ELS.SAE:DSD_POPULATION@DF_POP_HIST(1.0);CH;2022;19,10475643
SK_2012;OECD.ELS.SAE:DSD_POPULATION@DF_POP_HIST(1.0);SK;2012;12,95296842
SK_2013;OECD.ELS.SAE:DSD_POPULATION@DF_POP_HIST(1.0);SK;2013;13,33768058
SK_2014;OECD.ELS.SAE:DSD_POPULATION@DF_POP_HIST(1.0);SK;2014;13,74895292
SK_2015;OECD.ELS.SAE:DSD_POPULATION@DF_POP_HIST(1.0);SK;2015;14,20420054
SK_2016;OECD.ELS.SAE:DSD_POPULATION@DF_POP_HIST(1.0);SK;2016;14,71786602
SK_2017;OECD.ELS.SAE:DSD_POPULATION@DF_POP_HIST(1.0);SK;2017;15,25504108
SK_2018;OECD.ELS.SAE:DSD_POPULATION@DF_POP_HIST(1.0);SK;2018;15,78159021
SK_2019;OECD.ELS.SAE:DSD_POPULATION@DF_POP_HIST(1.0);SK;2019;16,31322001
SK_2020;OECD.ELS.SAE:DSD_POPULATION@DF_POP_HIST(1.0);SK;2020;16,82778187
SK_2021;OECD.ELS.SAE:DSD_POPULATION@DF_POP_HIST(1.0);SK;2021;17,21924016
SK_2022;OECD.ELS.SAE:DSD_POPULATION@DF_POP_HIST(1.0);SK;2022;17,61886404
IL_2012;OECD.ELS.SAE:DSD_POPULATION@DF_POP_HIST(1.0);IL;2012;10,29245214
IL_2013;OECD.ELS.SAE:DSD_POPULATION@DF_POP_HIST(1.0);IL;2013;10,56215209
IL_2014;OECD.ELS.SAE:DSD_POPULATION@DF_POP_HIST(1.0);IL;2014;10,74561436
IL_2015;OECD.ELS.SAE:DSD_POPULATION@DF_POP_HIST(1.0);IL;2015;10,9723944
IL_2016;OECD.ELS.SAE:DSD_POPULATION@DF_POP_HIST(1.0);IL;2016;11,21768067
IL_2017;OECD.ELS.SAE:DSD_POPULATION@DF_POP_HIST(1.0);IL;2017;11,45525422
IL_2018;OECD.ELS.SAE:DSD_POPULATION@DF_POP_HIST(1.0);IL;2018;11,67528486
IL_2019;OECD.ELS.SAE:DSD_POPULATION@DF_POP_HIST(1.0);IL;2019;11,87182365
IL_2020;OECD.ELS.SAE:DSD_POPULATION@DF_POP_HIST(1.0);IL;2020;12,05403558
IL_2021;OECD.ELS.SAE:DSD_POPULATION@DF_POP_HIST(1.0);IL;2021;12,22229336
IL_2022;OECD.ELS.SAE:DSD_POPULATION@DF_POP_HIST(1.0);IL;2022;12,37327624
NL_2012;OECD.ELS.SAE:DSD_POPULATION@DF_POP_HIST(1.0);NL;2012;16,53456352
NL_2013;OECD.ELS.SAE:DSD_POPULATION@DF_POP_HIST(1.0);NL;2013;17,08883312
NL_2014;OECD.ELS.SAE:DSD_POPULATION@DF_POP_HIST(1.0);NL;2014;17,57102042
NL_2015;OECD.ELS.SAE:DSD_POPULATION@DF_POP_HIST(1.0);NL;2015;17,98412921
NL_2016;OECD.ELS.SAE:DSD_POPULATION@DF_POP_HIST(1.0);NL;2016;18,33484691
NL_2017;OECD.ELS.SAE:DSD_POPULATION@DF_POP_HIST(1.0);NL;2017;18,67567513
NL_2018;OECD.ELS.SAE:DSD_POPULATION@DF_POP_HIST(1.0);NL;2018;19,01480313
NL_2019;OECD.ELS.SAE:DSD_POPULATION@DF_POP_HIST(1.0);NL;2019;19,33297188
NL_2020;OECD.ELS.SAE:DSD_POPULATION@DF_POP_HIST(1.0);NL;2020;19,6373305
NL_2021;OECD.ELS.SAE:DSD_POPULATION@DF_POP_HIST(1.0);NL;2021;19,91378795
NL_2022;OECD.ELS.SAE:DSD_POPULATION@DF_POP_HIST(1.0);NL;2022;20,12828042
PL_2012;OECD.ELS.SAE:DSD_POPULATION@DF_POP_HIST(1.0);PL;2012;14,02312137
PL_2013;OECD.ELS.SAE:DSD_POPULATION@DF_POP_HIST(1.0);PL;2013;14,47255127
PL_2014;OECD.ELS.SAE:DSD_POPULATION@DF_POP_HIST(1.0);PL;2014;14,99912028
PL_2015;OECD.ELS.SAE:DSD_POPULATION@DF_POP_HIST(1.0);PL;2015;15,52097207
PL_2016;OECD.ELS.SAE:DSD_POPULATION@DF_POP_HIST(1.0);PL;2016;16,10043915
PL_2017;OECD.ELS.SAE:DSD_POPULATION@DF_POP_HIST(1.0);PL;2017;16,66314962
PL_2018;OECD.ELS.SAE:DSD_POPULATION@DF_POP_HIST(1.0);PL;2018;17,23028675
PL_2019;OECD.ELS.SAE:DSD_POPULATION@DF_POP_HIST(1.0);PL;2019;17,80712822
PL_2020;OECD.ELS.SAE:DSD_POPULATION@DF_POP_HIST(1.0);PL;2020;18,40335861
PL_2021;OECD.ELS.SAE:DSD_POPULATION@DF_POP_HIST(1.0);PL;2021;18,80193618
PL_2022;OECD.ELS.SAE:DSD_POPULATION@DF_POP_HIST(1.0);PL;2022;19,17925269
SE_2012;OECD.ELS.SAE:DSD_POPULATION@DF_POP_HIST(1.0);SE;2012;18,97685763
SE_2013;OECD.ELS.SAE:DSD_POPULATION@DF_POP_HIST(1.0);SE;2013;19,27262417
SE_2014;OECD.ELS.SAE:DSD_POPULATION@DF_POP_HIST(1.0);SE;2014;19,51863145
SE_2015;OECD.ELS.SAE:DSD_POPULATION@DF_POP_HIST(1.0);SE;2015;19,69607058
SE_2016;OECD.ELS.SAE:DSD_POPULATION@DF_POP_HIST(1.0);SE;2016;19,77251835
SE_2017;OECD.ELS.SAE:DSD_POPULATION@DF_POP_HIST(1.0);SE;2017;19,80078935
SE_2018;OECD.ELS.SAE:DSD_POPULATION@DF_POP_HIST(1.0);SE;2018;19,86131006
SE_2019;OECD.ELS.SAE:DSD_POPULATION@DF_POP_HIST(1.0);SE;2019;19,94903534
SE_2020;OECD.ELS.SAE:DSD_POPULATION@DF_POP_HIST(1.0);SE;2020;20,05836898
SE_2021;OECD.ELS.SAE:DSD_POPULATION@DF_POP_HIST(1.0);SE;2021;20,19456572
SE_2022;OECD.ELS.SAE:DSD_POPULATION@DF_POP_HIST(1.0);SE;2022;20,33908649
UK_2012;OECD.ELS.SAE:DSD_POPULATION@DF_POP_HIST(1.0);UK;2012;17,01740977
UK_2013;OECD.ELS.SAE:DSD_POPULATION@DF_POP_HIST(1.0);UK;2013;17,36483493
UK_2014;OECD.ELS.SAE:DSD_POPULATION@DF_POP_HIST(1.0);UK;2014;17,65850549
UK_2015;OECD.ELS.SAE:DSD_POPULATION@DF_POP_HIST(1.0);UK;2015;17,83314535
UK_2016;OECD.ELS.SAE:DSD_POPULATION@DF_POP_HIST(1.0);UK;2016;17,99609323
UK_2017;OECD.ELS.SAE:DSD_POPULATION@DF_POP_HIST(1.0);UK;2017;18,15457363
UK_2018;OECD.ELS.SAE:DSD_POPULATION@DF_POP_HIST(1.0);UK;2018;18,311818
UK_2019;OECD.ELS.SAE:DSD_POPULATION@DF_POP_HIST(1.0);UK;2019;18,52627626
UK_2020;OECD.ELS.SAE:DSD_POPULATION@DF_POP_HIST(1.0);UK;2020;18,64700044
UK_2021;OECD.ELS.SAE:DSD_POPULATION@DF_POP_HIST(1.0);UK;2021;18,70464653
UK_2022;OECD.ELS.SAE:DSD_POPULATION@DF_POP_HIST(1.0);UK;2022;18,91974014
IS_2012;OECD.ELS.SAE:DSD_POPULATION@DF_POP_HIST(1.0);IS;2012;12,78392881
IS_2013;OECD.ELS.SAE:DSD_POPULATION@DF_POP_HIST(1.0);IS;2013;13,08333565
IS_2014;OECD.ELS.SAE:DSD_POPULATION@DF_POP_HIST(1.0);IS;2014;13,37593431
IS_2015;OECD.ELS.SAE:DSD_POPULATION@DF_POP_HIST(1.0);IS;2015;13,69544583
IS_2016;OECD.ELS.SAE:DSD_POPULATION@DF_POP_HIST(1.0);IS;2016;13,93861702
IS_2017;OECD.ELS.SAE:DSD_POPULATION@DF_POP_HIST(1.0);IS;2017;14,03935364
IS_2018;OECD.ELS.SAE:DSD_POPULATION@DF_POP_HIST(1.0);IS;2018;14,13634534
IS_2019;OECD.ELS.SAE:DSD_POPULATION@DF_POP_HIST(1.0);IS;2019;14,31253779
IS_2020;OECD.ELS.SAE:DSD_POPULATION@DF_POP_HIST(1.0);IS;2020;14,5753175
IS_2021;OECD.ELS.SAE:DSD_POPULATION@DF_POP_HIST(1.0);IS;2021;14,86136426
IS_2022;OECD.ELS.SAE:DSD_POPULATION@DF_POP_HIST(1.0);IS;2022;15,00870407
MT_2012;OECD.ELS.SAE:DSD_POPULATION@DF_POP_HIST(1.0);MT;2012;16,77915783
MT_2013;OECD.ELS.SAE:DSD_POPULATION@DF_POP_HIST(1.0);MT;2013;17,42384404
MT_2014;OECD.ELS.SAE:DSD_POPULATION@DF_POP_HIST(1.0);MT;2014;17,94448139
MT_2015;OECD.ELS.SAE:DSD_POPULATION@DF_POP_HIST(1.0);MT;2015;18,32578372
MT_2016;OECD.ELS.SAE:DSD_POPULATION@DF_POP_HIST(1.0);MT;2016;18,65551349
MT_2017;OECD.ELS.SAE:DSD_POPULATION@DF_POP_HIST(1.0);MT;2017;18,81347422
MT_2018;OECD.ELS.SAE:DSD_POPULATION@DF_POP_HIST(1.0);MT;2018;18,74569263
MT_2019;OECD.ELS.SAE:DSD_POPULATION@DF_POP_HIST(1.0);MT;2019;18,57183385
MT_2020;OECD.ELS.SAE:DSD_POPULATION@DF_POP_HIST(1.0);MT;2020;18,67444162
MT_2021;OECD.ELS.SAE:DSD_POPULATION@DF_POP_HIST(1.0);MT;2021;19,04392735
MT_2022;OECD.ELS.SAE:DSD_POPULATION@DF_POP_HIST(1.0);MT;2022;19,36989877
BE_2012;OECD.ELS.SAE:DSD_POPULATION@DF_POP_HIST(1.0);BE;2012;17,54467124
BE_2013;OECD.ELS.SAE:DSD_POPULATION@DF_POP_HIST(1.0);BE;2013;17,76606865
BE_2014;OECD.ELS.SAE:DSD_POPULATION@DF_POP_HIST(1.0);BE;2014;17,99870266
BE_2015;OECD.ELS.SAE:DSD_POPULATION@DF_POP_HIST(1.0);BE;2015;18,21043498
BE_2016;OECD.ELS.SAE:DSD_POPULATION@DF_POP_HIST(1.0);BE;2016;18,40485567
BE_2017;OECD.ELS.SAE:DSD_POPULATION@DF_POP_HIST(1.0);BE;2017;18,61671443
BE_2018;OECD.ELS.SAE:DSD_POPULATION@DF_POP_HIST(1.0);BE;2018;18,83530315
BE_2019;OECD.ELS.SAE:DSD_POPULATION@DF_POP_HIST(1.0);BE;2019;19,06198408
BE_2020;OECD.ELS.SAE:DSD_POPULATION@DF_POP_HIST(1.0);BE;2020;19,26489045
BE_2021;OECD.ELS.SAE:DSD_POPULATION@DF_POP_HIST(1.0);BE;2021;19,46935824
BE_2022;OECD.ELS.SAE:DSD_POPULATION@DF_POP_HIST(1.0);BE;2022;19,67274037
IT_2012;OECD.ELS.SAE:DSD_POPULATION@DF_POP_HIST(1.0);IT;2012;20,98366036
IT_2013;OECD.ELS.SAE:DSD_POPULATION@DF_POP_HIST(1.0);IT;2013;21,32302673
IT_2014;OECD.ELS.SAE:DSD_POPULATION@DF_POP_HIST(1.0);IT;2014;21,68477698
IT_2015;OECD.ELS.SAE:DSD_POPULATION@DF_POP_HIST(1.0);IT;2015;22,00158762
IT_2016;OECD.ELS.SAE:DSD_POPULATION@DF_POP_HIST(1.0);IT;2016;22,27649836
IT_2017;OECD.ELS.SAE:DSD_POPULATION@DF_POP_HIST(1.0);IT;2017;22,52173227
IT_2018;OECD.ELS.SAE:DSD_POPULATION@DF_POP_HIST(1.0);IT;2018;22,76187824
IT_2019;OECD.ELS.SAE:DSD_POPULATION@DF_POP_HIST(1.0);IT;2019;23,06439458
IT_2020;OECD.ELS.SAE:DSD_POPULATION@DF_POP_HIST(1.0);IT;2020;23,38590025
IT_2021;OECD.ELS.SAE:DSD_POPULATION@DF_POP_HIST(1.0);IT;2021;23,66940127
IT_2022;OECD.ELS.SAE:DSD_POPULATION@DF_POP_HIST(1.0);IT;2022;23,94693326
TR_2012;OECD.ELS.SAE:DSD_POPULATION@DF_POP_HIST(1.0);TR;2012;7,431062024
TR_2013;OECD.ELS.SAE:DSD_POPULATION@DF_POP_HIST(1.0);TR;2013;7,599515173
TR_2014;OECD.ELS.SAE:DSD_POPULATION@DF_POP_HIST(1.0);TR;2014;7,828689718
TR_2015;OECD.ELS.SAE:DSD_POPULATION@DF_POP_HIST(1.0);TR;2015;8,110746145
TR_2016;OECD.ELS.SAE:DSD_POPULATION@DF_POP_HIST(1.0);TR;2016;8,29155176
TR_2017;OECD.ELS.SAE:DSD_POPULATION@DF_POP_HIST(1.0);TR;2017;8,433842126
TR_2018;OECD.ELS.SAE:DSD_POPULATION@DF_POP_HIST(1.0);TR;2018;8,648861585
TR_2019;OECD.ELS.SAE:DSD_POPULATION@DF_POP_HIST(1.0);TR;2019;8,922883573
TR_2020;OECD.ELS.SAE:DSD_POPULATION@DF_POP_HIST(1.0);TR;2020;9,296842365
TR_2021;OECD.ELS.SAE:DSD_POPULATION@DF_POP_HIST(1.0);TR;2021;9,625193556
TR_2022;OECD.ELS.SAE:DSD_POPULATION@DF_POP_HIST(1.0);TR;2022;9,823965589
LV_2012;OECD.ELS.SAE:DSD_POPULATION@DF_POP_HIST(1.0);LV;2012;18,66285803
LV_2013;OECD.ELS.SAE:DSD_POPULATION@DF_POP_HIST(1.0);LV;2013;18,91523948
LV_2014;OECD.ELS.SAE:DSD_POPULATION@DF_POP_HIST(1.0);LV;2014;19,22714836
LV_2015;OECD.ELS.SAE:DSD_POPULATION@DF_POP_HIST(1.0);LV;2015;19,5106201
LV_2016;OECD.ELS.SAE:DSD_POPULATION@DF_POP_HIST(1.0);LV;2016;19,76213745
LV_2017;OECD.ELS.SAE:DSD_POPULATION@DF_POP_HIST(1.0);LV;2017;19,99647831
LV_2018;OECD.ELS.SAE:DSD_POPULATION@DF_POP_HIST(1.0);LV;2018;20,18073133
LV_2019;OECD.ELS.SAE:DSD_POPULATION@DF_POP_HIST(1.0);LV;2019;20,38821711
LV_2020;OECD.ELS.SAE:DSD_POPULATION@DF_POP_HIST(1.0);LV;2020;20,65591903
LV_2021;OECD.ELS.SAE:DSD_POPULATION@DF_POP_HIST(1.0);LV;2021;20,83632265
LV_2022;OECD.ELS.SAE:DSD_POPULATION@DF_POP_HIST(1.0);LV;2022;20,92547838
RO_2012;OECD.ELS.SAE:DSD_POPULATION@DF_POP_HIST(1.0);RO;2012;16,20651298
RO_2013;OECD.ELS.SAE:DSD_POPULATION@DF_POP_HIST(1.0);RO;2013;16,39960069
RO_2014;OECD.ELS.SAE:DSD_POPULATION@DF_POP_HIST(1.0);RO;2014;16,75227178
RO_2015;OECD.ELS.SAE:DSD_POPULATION@DF_POP_HIST(1.0);RO;2015;17,18613175
RO_2016;OECD.ELS.SAE:DSD_POPULATION@DF_POP_HIST(1.0);RO;2016;17,58956369
RO_2017;OECD.ELS.SAE:DSD_POPULATION@DF_POP_HIST(1.0);RO;2017;17,98198361
RO_2018;OECD.ELS.SAE:DSD_POPULATION@DF_POP_HIST(1.0);RO;2018;18,34258545
RO_2019;OECD.ELS.SAE:DSD_POPULATION@DF_POP_HIST(1.0);RO;2019;18,7375357
RO_2020;OECD.ELS.SAE:DSD_POPULATION@DF_POP_HIST(1.0);RO;2020;19,1229504
RO_2021;OECD.ELS.SAE:DSD_POPULATION@DF_POP_HIST(1.0);RO;2021;19,38923956
RO_2022;OECD.ELS.SAE:DSD_POPULATION@DF_POP_HIST(1.0);RO;2022;19,59820559
ES_2012;OECD.ELS.SAE:DSD_POPULATION@DF_POP_HIST(1.0);ES;2012;17,49093895
ES_2013;OECD.ELS.SAE:DSD_POPULATION@DF_POP_HIST(1.0);ES;2013;17,91146466
ES_2014;OECD.ELS.SAE:DSD_POPULATION@DF_POP_HIST(1.0);ES;2014;18,31978144
ES_2015;OECD.ELS.SAE:DSD_POPULATION@DF_POP_HIST(1.0);ES;2015;18,59679011
ES_2016;OECD.ELS.SAE:DSD_POPULATION@DF_POP_HIST(1.0);ES;2016;18,84318782
ES_2017;OECD.ELS.SAE:DSD_POPULATION@DF_POP_HIST(1.0);ES;2017;19,08101991
ES_2018;OECD.ELS.SAE:DSD_POPULATION@DF_POP_HIST(1.0);ES;2018;19,29355194
ES_2019;OECD.ELS.SAE:DSD_POPULATION@DF_POP_HIST(1.0);ES;2019;19,48232725
ES_2020;OECD.ELS.SAE:DSD_POPULATION@DF_POP_HIST(1.0);ES;2020;19,64156574
ES_2021;OECD.ELS.SAE:DSD_POPULATION@DF_POP_HIST(1.0);ES;2021;19,95007577
ES_2022;OECD.ELS.SAE:DSD_POPULATION@DF_POP_HIST(1.0);ES;2022;20,20382049
LU_2012;OECD.ELS.SAE:DSD_POPULATION@DF_POP_HIST(1.0);LU;2012;13,96717594
LU_2013;OECD.ELS.SAE:DSD_POPULATION@DF_POP_HIST(1.0);LU;2013;14,02647978
LU_2014;OECD.ELS.SAE:DSD_POPULATION@DF_POP_HIST(1.0);LU;2014;14,12976657
LU_2015;OECD.ELS.SAE:DSD_POPULATION@DF_POP_HIST(1.0);LU;2015;14,20247364
LU_2016;OECD.ELS.SAE:DSD_POPULATION@DF_POP_HIST(1.0);LU;2016;14,23253391
LU_2017;OECD.ELS.SAE:DSD_POPULATION@DF_POP_HIST(1.0);LU;2017;14,2820251
LU_2018;OECD.ELS.SAE:DSD_POPULATION@DF_POP_HIST(1.0);LU;2018;14,35430545
LU_2019;OECD.ELS.SAE:DSD_POPULATION@DF_POP_HIST(1.0);LU;2019;14,44493011
LU_2020;OECD.ELS.SAE:DSD_POPULATION@DF_POP_HIST(1.0);LU;2020;14,55537878
LU_2021;OECD.ELS.SAE:DSD_POPULATION@DF_POP_HIST(1.0);LU;2021;14,6810319
LU_2022;OECD.ELS.SAE:DSD_POPULATION@DF_POP_HIST(1.0);LU;2022;14,80811749
PT_2012;OECD.ELS.SAE:DSD_POPULATION@DF_POP_HIST(1.0);PT;2012;19,34108218
PT_2013;OECD.ELS.SAE:DSD_POPULATION@DF_POP_HIST(1.0);PT;2013;19,74865263
PT_2014;OECD.ELS.SAE:DSD_POPULATION@DF_POP_HIST(1.0);PT;2014;20,21746695
PT_2015;OECD.ELS.SAE:DSD_POPULATION@DF_POP_HIST(1.0);PT;2015;20,66335078
PT_2016;OECD.ELS.SAE:DSD_POPULATION@DF_POP_HIST(1.0);PT;2016;21,10489184
PT_2017;OECD.ELS.SAE:DSD_POPULATION@DF_POP_HIST(1.0);PT;2017;21,55928691
PT_2018;OECD.ELS.SAE:DSD_POPULATION@DF_POP_HIST(1.0);PT;2018;22,00310355
PT_2019;OECD.ELS.SAE:DSD_POPULATION@DF_POP_HIST(1.0);PT;2019;22,47488772
PT_2020;OECD.ELS.SAE:DSD_POPULATION@DF_POP_HIST(1.0);PT;2020;22,96969546
PT_2021;OECD.ELS.SAE:DSD_POPULATION@DF_POP_HIST(1.0);PT;2021;23,41484536
PT_2022;OECD.ELS.SAE:DSD_POPULATION@DF_POP_HIST(1.0);PT;2022;23,79093781
FR_2012;OECD.ELS.SAE:DSD_POPULATION@DF_POP_HIST(1.0);FR;2012;17,35398276
FR_2013;OECD.ELS.SAE:DSD_POPULATION@DF_POP_HIST(1.0);FR;2013;17,79193127
FR_2014;OECD.ELS.SAE:DSD_POPULATION@DF_POP_HIST(1.0);FR;2014;18,18645055
FR_2015;OECD.ELS.SAE:DSD_POPULATION@DF_POP_HIST(1.0);FR;2015;18,633821
FR_2016;OECD.ELS.SAE:DSD_POPULATION@DF_POP_HIST(1.0);FR;2016;19,07444459
FR_2017;OECD.ELS.SAE:DSD_POPULATION@DF_POP_HIST(1.0);FR;2017;19,47252793
FR_2018;OECD.ELS.SAE:DSD_POPULATION@DF_POP_HIST(1.0);FR;2018;19,8350941
FR_2019;OECD.ELS.SAE:DSD_POPULATION@DF_POP_HIST(1.0);FR;2019;20,19723052
FR_2020;OECD.ELS.SAE:DSD_POPULATION@DF_POP_HIST(1.0);FR;2020;20,52134959
FR_2021;OECD.ELS.SAE:DSD_POPULATION@DF_POP_HIST(1.0);FR;2021;20,81301247
FR_2022;OECD.ELS.SAE:DSD_POPULATION@DF_POP_HIST(1.0);FR;2022;21,10972808
GR_2012;OECD.ELS.SAE:DSD_POPULATION@DF_POP_HIST(1.0);GR;2012;19,86513367
GR_2013;OECD.ELS.SAE:DSD_POPULATION@DF_POP_HIST(1.0);GR;2013;20,27449728
GR_2014;OECD.ELS.SAE:DSD_POPULATION@DF_POP_HIST(1.0);GR;2014;20,69145364
GR_2015;OECD.ELS.SAE:DSD_POPULATION@DF_POP_HIST(1.0);GR;2015;21,07926867
GR_2016;OECD.ELS.SAE:DSD_POPULATION@DF_POP_HIST(1.0);GR;2016;21,40222046
GR_2017;OECD.ELS.SAE:DSD_POPULATION@DF_POP_HIST(1.0);GR;2017;21,66453318
GR_2018;OECD.ELS.SAE:DSD_POPULATION@DF_POP_HIST(1.0);GR;2018;21,91134772
GR_2019;OECD.ELS.SAE:DSD_POPULATION@DF_POP_HIST(1.0);GR;2019;22,14911528
GR_2020;OECD.ELS.SAE:DSD_POPULATION@DF_POP_HIST(1.0);GR;2020;22,40505928
GR_2021;OECD.ELS.SAE:DSD_POPULATION@DF_POP_HIST(1.0);GR;2021;22,61765803
GR_2022;OECD.ELS.SAE:DSD_POPULATION@DF_POP_HIST(1.0);GR;2022;22,79721501
EE_2012;OECD.ELS.SAE:DSD_POPULATION@DF_POP_HIST(1.0);EE;2012;17,8677489
EE_2013;OECD.ELS.SAE:DSD_POPULATION@DF_POP_HIST(1.0);EE;2013;18,20322808
EE_2014;OECD.ELS.SAE:DSD_POPULATION@DF_POP_HIST(1.0);EE;2014;18,56665234
EE_2015;OECD.ELS.SAE:DSD_POPULATION@DF_POP_HIST(1.0);EE;2015;18,89057422
EE_2016;OECD.ELS.SAE:DSD_POPULATION@DF_POP_HIST(1.0);EE;2016;19,18231633
EE_2017;OECD.ELS.SAE:DSD_POPULATION@DF_POP_HIST(1.0);EE;2017;19,46501552
EE_2018;OECD.ELS.SAE:DSD_POPULATION@DF_POP_HIST(1.0);EE;2018;19,67621222
EE_2019;OECD.ELS.SAE:DSD_POPULATION@DF_POP_HIST(1.0);EE;2019;19,89855711
EE_2020;OECD.ELS.SAE:DSD_POPULATION@DF_POP_HIST(1.0);EE;2020;20,18993907
EE_2021;OECD.ELS.SAE:DSD_POPULATION@DF_POP_HIST(1.0);EE;2021;20,39127469
EE_2022;OECD.ELS.SAE:DSD_POPULATION@DF_POP_HIST(1.0);EE;2022;20,33599241
DK_2012;OECD.ELS.SAE:DSD_POPULATION@DF_POP_HIST(1.0);DK;2012;17,65319482
DK_2013;OECD.ELS.SAE:DSD_POPULATION@DF_POP_HIST(1.0);DK;2013;18,07088667
DK_2014;OECD.ELS.SAE:DSD_POPULATION@DF_POP_HIST(1.0);DK;2014;18,45272788
DK_2015;OECD.ELS.SAE:DSD_POPULATION@DF_POP_HIST(1.0);DK;2015;18,73571327
DK_2016;OECD.ELS.SAE:DSD_POPULATION@DF_POP_HIST(1.0);DK;2016;18,97224819
DK_2017;OECD.ELS.SAE:DSD_POPULATION@DF_POP_HIST(1.0);DK;2017;19,19669748
DK_2018;OECD.ELS.SAE:DSD_POPULATION@DF_POP_HIST(1.0);DK;2018;19,46137078
DK_2019;OECD.ELS.SAE:DSD_POPULATION@DF_POP_HIST(1.0);DK;2019;19,72647164
DK_2020;OECD.ELS.SAE:DSD_POPULATION@DF_POP_HIST(1.0);DK;2020;20,03973332
DK_2021;OECD.ELS.SAE:DSD_POPULATION@DF_POP_HIST(1.0);DK;2021;20,30096805
DK_2022;OECD.ELS.SAE:DSD_POPULATION@DF_POP_HIST(1.0);DK;2022;20,39782241
NO_2012;OECD.ELS.SAE:DSD_POPULATION@DF_POP_HIST(1.0);NO;2012;15,52859438
NO_2013;OECD.ELS.SAE:DSD_POPULATION@DF_POP_HIST(1.0);NO;2013;15,77874052
NO_2014;OECD.ELS.SAE:DSD_POPULATION@DF_POP_HIST(1.0);NO;2014;16,02804283
NO_2015;OECD.ELS.SAE:DSD_POPULATION@DF_POP_HIST(1.0);NO;2015;16,27592681
NO_2016;OECD.ELS.SAE:DSD_POPULATION@DF_POP_HIST(1.0);NO;2016;16,51898188
NO_2017;OECD.ELS.SAE:DSD_POPULATION@DF_POP_HIST(1.0);NO;2017;16,78271506
NO_2018;OECD.ELS.SAE:DSD_POPULATION@DF_POP_HIST(1.0);NO;2018;17,08675363
NO_2019;OECD.ELS.SAE:DSD_POPULATION@DF_POP_HIST(1.0);NO;2019;17,39617827
NO_2020;OECD.ELS.SAE:DSD_POPULATION@DF_POP_HIST(1.0);NO;2020;17,72991848
NO_2021;OECD.ELS.SAE:DSD_POPULATION@DF_POP_HIST(1.0);NO;2021;18,07601991
NO_2022;OECD.ELS.SAE:DSD_POPULATION@DF_POP_HIST(1.0);NO;2022;18,33321147
DE_2012;OECD.ELS.SAE:DSD_POPULATION@DF_POP_HIST(1.0);DE;2012;20,71385751
DE_2013;OECD.ELS.SAE:DSD_POPULATION@DF_POP_HIST(1.0);DE;2013;20,81202565
DE_2014;OECD.ELS.SAE:DSD_POPULATION@DF_POP_HIST(1.0);DE;2014;20,95607822
DE_2015;OECD.ELS.SAE:DSD_POPULATION@DF_POP_HIST(1.0);DE;2015;21,0492802
DE_2016;OECD.ELS.SAE:DSD_POPULATION@DF_POP_HIST(1.0);DE;2016;21,13566523
DE_2017;OECD.ELS.SAE:DSD_POPULATION@DF_POP_HIST(1.0);DE;2017;21,30455618
DE_2018;OECD.ELS.SAE:DSD_POPULATION@DF_POP_HIST(1.0);DE;2018;21,46608027
DE_2019;OECD.ELS.SAE:DSD_POPULATION@DF_POP_HIST(1.0);DE;2019;21,64696488
DE_2020;OECD.ELS.SAE:DSD_POPULATION@DF_POP_HIST(1.0);DE;2020;21,86263861
DE_2021;OECD.ELS.SAE:DSD_POPULATION@DF_POP_HIST(1.0);DE;2021;22,06121717
DE_2022;OECD.ELS.SAE:DSD_POPULATION@DF_POP_HIST(1.0);DE;2022;22,1344971
CZ_2012;OECD.ELS.SAE:DSD_POPULATION@DF_POP_HIST(1.0);CZ;2012;16,50318585
CZ_2013;OECD.ELS.SAE:DSD_POPULATION@DF_POP_HIST(1.0);CZ;2013;17,08978235
CZ_2014;OECD.ELS.SAE:DSD_POPULATION@DF_POP_HIST(1.0);CZ;2014;17,60494254
CZ_2015;OECD.ELS.SAE:DSD_POPULATION@DF_POP_HIST(1.0);CZ;2015;18,07633012
CZ_2016;OECD.ELS.SAE:DSD_POPULATION@DF_POP_HIST(1.0);CZ;2016;18,55517561
CZ_2017;OECD.ELS.SAE:DSD_POPULATION@DF_POP_HIST(1.0);CZ;2017;19,01876439
CZ_2018;OECD.ELS.SAE:DSD_POPULATION@DF_POP_HIST(1.0);CZ;2018;19,41435647
CZ_2019;OECD.ELS.SAE:DSD_POPULATION@DF_POP_HIST(1.0);CZ;2019;19,76523536
CZ_2020;OECD.ELS.SAE:DSD_POPULATION@DF_POP_HIST(1.0);CZ;2020;20,04901798
CZ_2021;OECD.ELS.SAE:DSD_POPULATION@DF_POP_HIST(1.0);CZ;2021;20,56838256
CZ_2022;OECD.ELS.SAE:DSD_POPULATION@DF_POP_HIST(1.0);CZ;2022;20,40865187
HU_2012;OECD.ELS.SAE:DSD_POPULATION@DF_POP_HIST(1.0);HU;2012;17,02354873
HU_2013;OECD.ELS.SAE:DSD_POPULATION@DF_POP_HIST(1.0);HU;2013;17,35294245
HU_2014;OECD.ELS.SAE:DSD_POPULATION@DF_POP_HIST(1.0);HU;2014;17,71679951
HU_2015;OECD.ELS.SAE:DSD_POPULATION@DF_POP_HIST(1.0);HU;2015;18,087976
HU_2016;OECD.ELS.SAE:DSD_POPULATION@DF_POP_HIST(1.0);HU;2016;18,46749744
HU_2017;OECD.ELS.SAE:DSD_POPULATION@DF_POP_HIST(1.0);HU;2017;18,79955893
HU_2018;OECD.ELS.SAE:DSD_POPULATION@DF_POP_HIST(1.0);HU;2018;19,13914754
HU_2019;OECD.ELS.SAE:DSD_POPULATION@DF_POP_HIST(1.0);HU;2019;19,60973446
HU_2020;OECD.ELS.SAE:DSD_POPULATION@DF_POP_HIST(1.0);HU;2020;20,09661797
HU_2021;OECD.ELS.SAE:DSD_POPULATION@DF_POP_HIST(1.0);HU;2021;20,42767104
HU_2022;OECD.ELS.SAE:DSD_POPULATION@DF_POP_HIST(1.0);HU;2022;20,58307705
BG_2012;OECD.ELS.SAE:DSD_POPULATION@DF_POP_HIST(1.0);BG;2012;19,0021391
BG_2013;OECD.ELS.SAE:DSD_POPULATION@DF_POP_HIST(1.0);BG;2013;19,36058957
BG_2014;OECD.ELS.SAE:DSD_POPULATION@DF_POP_HIST(1.0);BG;2014;19,78142806
BG_2015;OECD.ELS.SAE:DSD_POPULATION@DF_POP_HIST(1.0);BG;2015;20,21537085
BG_2016;OECD.ELS.SAE:DSD_POPULATION@DF_POP_HIST(1.0);BG;2016;20,58063603
BG_2017;OECD.ELS.SAE:DSD_POPULATION@DF_POP_HIST(1.0);BG;2017;20,8737022
BG_2018;OECD.ELS.SAE:DSD_POPULATION@DF_POP_HIST(1.0);BG;2018;21,17445938
BG_2019;OECD.ELS.SAE:DSD_POPULATION@DF_POP_HIST(1.0);BG;2019;21,4830125
BG_2020;OECD.ELS.SAE:DSD_POPULATION@DF_POP_HIST(1.0);BG;2020;21,69114142
BG_2021;OECD.ELS.SAE:DSD_POPULATION@DF_POP_HIST(1.0);BG;2021;21,70933995
BG_2022;OECD.ELS.SAE:DSD_POPULATION@DF_POP_HIST(1.0);BG;2022;22,56069571
AT_2012;OECD.ELS.SAE:DSD_POPULATION@DF_POP_HIST(1.0);AT;2012;17,94689277
AT_2013;OECD.ELS.SAE:DSD_POPULATION@DF_POP_HIST(1.0);AT;2013;18,19048203
AT_2014;OECD.ELS.SAE:DSD_POPULATION@DF_POP_HIST(1.0);AT;2014;18,39897602
AT_2015;OECD.ELS.SAE:DSD_POPULATION@DF_POP_HIST(1.0);AT;2015;18,47654545
AT_2016;OECD.ELS.SAE:DSD_POPULATION@DF_POP_HIST(1.0);AT;2016;18,4950444
AT_2017;OECD.ELS.SAE:DSD_POPULATION@DF_POP_HIST(1.0);AT;2017;18,5994363
AT_2018;OECD.ELS.SAE:DSD_POPULATION@DF_POP_HIST(1.0);AT;2018;18,75920983
AT_2019;OECD.ELS.SAE:DSD_POPULATION@DF_POP_HIST(1.0);AT;2019;18,94111012
AT_2020;OECD.ELS.SAE:DSD_POPULATION@DF_POP_HIST(1.0);AT;2020;19,15221135
AT_2021;OECD.ELS.SAE:DSD_POPULATION@DF_POP_HIST(1.0);AT;2021;19,36038796
AT_2022;OECD.ELS.SAE:DSD_POPULATION@DF_POP_HIST(1.0);AT;2022;19,50268512
FI_2012;OECD.ELS.SAE:DSD_POPULATION@DF_POP_HIST(1.0);FI;2012;18,45072199
FI_2013;OECD.ELS.SAE:DSD_POPULATION@DF_POP_HIST(1.0);FI;2013;19,07293194
FI_2014;OECD.ELS.SAE:DSD_POPULATION@DF_POP_HIST(1.0);FI;2014;19,66427947
FI_2015;OECD.ELS.SAE:DSD_POPULATION@DF_POP_HIST(1.0);FI;2015;20,20694118
FI_2016;OECD.ELS.SAE:DSD_POPULATION@DF_POP_HIST(1.0);FI;2016;20,68199408
FI_2017;OECD.ELS.SAE:DSD_POPULATION@DF_POP_HIST(1.0);FI;2017;21,14376924
FI_2018;OECD.ELS.SAE:DSD_POPULATION@DF_POP_HIST(1.0);FI;2018;21,61311933
FI_2019;OECD.ELS.SAE:DSD_POPULATION@DF_POP_HIST(1.0);FI;2019;22,05983586
FI_2020;OECD.ELS.SAE:DSD_POPULATION@DF_POP_HIST(1.0);FI;2020;22,49016872
FI_2021;OECD.ELS.SAE:DSD_POPULATION@DF_POP_HIST(1.0);FI;2021;22,8745971
FI_2022;OECD.ELS.SAE:DSD_POPULATION@DF_POP_HIST(1.0);FI;2022;23,159647
SI_2012;OECD.ELS.SAE:DSD_POPULATION@DF_POP_HIST(1.0);SI;2012;16,95698311
SI_2013;OECD.ELS.SAE:DSD_POPULATION@DF_POP_HIST(1.0);SI;2013;17,28214174
SI_2014;OECD.ELS.SAE:DSD_POPULATION@DF_POP_HIST(1.0);SI;2014;17,67830491
SI_2015;OECD.ELS.SAE:DSD_POPULATION@DF_POP_HIST(1.0);SI;2015;18,1519158
SI_2016;OECD.ELS.SAE:DSD_POPULATION@DF_POP_HIST(1.0);SI;2016;18,67863297
SI_2017;OECD.ELS.SAE:DSD_POPULATION@DF_POP_HIST(1.0);SI;2017;19,1480238
SI_2018;OECD.ELS.SAE:DSD_POPULATION@DF_POP_HIST(1.0);SI;2018;19,6774474
SI_2019;OECD.ELS.SAE:DSD_POPULATION@DF_POP_HIST(1.0);SI;2019;20,02723387
SI_2020;OECD.ELS.SAE:DSD_POPULATION@DF_POP_HIST(1.0);SI;2020;20,46805763
SI_2021;OECD.ELS.SAE:DSD_POPULATION@DF_POP_HIST(1.0);SI;2021;20,91350432
SI_2022;OECD.ELS.SAE:DSD_POPULATION@DF_POP_HIST(1.0);SI;2022;21,31726554
CY_2012;OECD.ELS.SAE:DSD_POPULATION@DF_POP_HIST(1.0);CY;2012;13,01460162
CY_2013;OECD.ELS.SAE:DSD_POPULATION@DF_POP_HIST(1.0);CY;2013;13,54169325
CY_2014;OECD.ELS.SAE:DSD_POPULATION@DF_POP_HIST(1.0);CY;2014;14,23653185
CY_2015;OECD.ELS.SAE:DSD_POPULATION@DF_POP_HIST(1.0);CY;2015;14,8619379
CY_2016;OECD.ELS.SAE:DSD_POPULATION@DF_POP_HIST(1.0);CY;2016;15,34115663
CY_2017;OECD.ELS.SAE:DSD_POPULATION@DF_POP_HIST(1.0);CY;2017;15,72191456
CY_2018;OECD.ELS.SAE:DSD_POPULATION@DF_POP_HIST(1.0);CY;2018;15,99513143
CY_2019;OECD.ELS.SAE:DSD_POPULATION@DF_POP_HIST(1.0);CY;2019;16,21363594
CY_2020;OECD.ELS.SAE:DSD_POPULATION@DF_POP_HIST(1.0);CY;2020;16,37870149
CY_2021;OECD.ELS.SAE:DSD_POPULATION@DF_POP_HIST(1.0);CY;2021;16,48212876
CY_2022;OECD.ELS.SAE:DSD_POPULATION@DF_POP_HIST(1.0);CY;2022;16,56535874
HR_2012;OECD.ELS.SAE:DSD_POPULATION@DF_POP_HIST(1.0);HR;2012;18,02180544
HR_2013;OECD.ELS.SAE:DSD_POPULATION@DF_POP_HIST(1.0);HR;2013;18,27060201
HR_2014;OECD.ELS.SAE:DSD_POPULATION@DF_POP_HIST(1.0);HR;2014;18,61848924
HR_2015;OECD.ELS.SAE:DSD_POPULATION@DF_POP_HIST(1.0);HR;2015;19,01430296
HR_2016;OECD.ELS.SAE:DSD_POPULATION@DF_POP_HIST(1.0);HR;2016;19,41066739
HR_2017;OECD.ELS.SAE:DSD_POPULATION@DF_POP_HIST(1.0);HR;2017;19,83983149
HR_2018;OECD.ELS.SAE:DSD_POPULATION@DF_POP_HIST(1.0);HR;2018;20,36800337
HR_2019;OECD.ELS.SAE:DSD_POPULATION@DF_POP_HIST(1.0);HR;2019;20,78264256
HR_2020;OECD.ELS.SAE:DSD_POPULATION@DF_POP_HIST(1.0);HR;2020;21,31252965
HR_2021;OECD.ELS.SAE:DSD_POPULATION@DF_POP_HIST(1.0);HR;2021;22,35708296
HR_2022;OECD.ELS.SAE:DSD_POPULATION@DF_POP_HIST(1.0);HR;2022;22,63103269
